filename,label
/path/to/tcga-brca/pickles/TCGA-A7-A6VV-01Z-00-DX1.07AE0E16-A883-4C86-BC74-4E13081175F2.pickle,0
/path/to/tcga-brca/pickles/TCGA-A2-A0T1-01Z-00-DX1.CD1E9C46-18A3-466B-AA0B-24F3055FA851.pickle,0
/path/to/tcga-brca/pickles/TCGA-BH-A0B9-01Z-00-DX1.C23ADB4C-52D4-4DFD-B8E3-156E43F0E645.pickle,0
/path/to/tcga-brca/pickles/TCGA-A2-A0ET-01Z-00-DX1.41E86BB9-EA52-4615-94E7-0F09DDB094F4.pickle,0
/path/to/tcga-brca/pickles/TCGA-BH-A0EE-01Z-00-DX1.872EA586-25C8-4835-A138-152DFA1EBF30.pickle,0
/path/to/tcga-brca/pickles/TCGA-C8-A26Z-01Z-00-DX1.1A15D951-F3BD-4024-91DD-E7633C09A837.pickle,0
/path/to/tcga-brca/pickles/TCGA-D8-A1Y1-01Z-00-DX1.477390C8-2141-4ADD-813E-25220D2A71FC.pickle,0
/path/to/tcga-brca/pickles/TCGA-AO-A0J5-01Z-00-DX1.20C14D0C-1A74-4FE9-A5E6-BDDCB8DE7714.pickle,0
/path/to/tcga-brca/pickles/TCGA-BH-A0H6-01Z-00-DX1.0CF7253A-B42C-4778-B1C6-17EC78A039ED.pickle,0
/path/to/tcga-brca/pickles/TCGA-AN-A0FF-01Z-00-DX1.A23982C3-E0EB-4DB2-84EE-26E0005E3F66.pickle,0
/path/to/tcga-brca/pickles/TCGA-BH-A0H9-01Z-00-DX1.8AE869C6-5C78-4D52-AC8B-5B6FD5FD91AA.pickle,0
/path/to/tcga-brca/pickles/TCGA-D8-A1JE-01Z-00-DX1.714805A1-E337-46DA-88D9-6CE4B4E3C2D0.pickle,0
/path/to/tcga-brca/pickles/TCGA-E2-A14O-01Z-00-DX1.432DB252-35D4-4B02-B0A7-39BF85A38F89.pickle,0
/path/to/tcga-brca/pickles/TCGA-E2-A14R-01Z-00-DX1.DDE62ED5-1FC0-4B3B-A874-95C08B33AB20.pickle,0
/path/to/tcga-brca/pickles/TCGA-A2-A25E-01Z-00-DX1.46D1950B-0BAF-4A44-B58F-CD738E74CB27.pickle,0
/path/to/tcga-brca/pickles/TCGA-A2-A3XV-01Z-00-DX1.4B58B7CD-B3F6-4C31-863F-924D291EF17C.pickle,0
/path/to/tcga-brca/pickles/TCGA-BH-A0HI-01Z-00-DX1.89DB9F79-0DCC-4C65-831E-96AE026C2C4E.pickle,0
/path/to/tcga-brca/pickles/TCGA-GM-A2DC-01Z-00-DX1.39F956BB-52D0-4385-9923-4D7D36D78862.pickle,0
/path/to/tcga-brca/pickles/TCGA-A8-A08S-01Z-00-DX1.C0E044C2-FC3F-4E3D-A779-A725FF375F21.pickle,0
/path/to/tcga-brca/pickles/TCGA-AO-A126-01Z-00-DX1.D9D6AA15-32F0-44BD-AF30-36191784FFA2.pickle,0
/path/to/tcga-brca/pickles/TCGA-C8-A134-01Z-00-DX1.78D10BCC-98B3-4587-897D-3E27DA28D2EB.pickle,0
/path/to/tcga-brca/pickles/TCGA-B6-A0IQ-01Z-00-DX1.662EA039-825E-41FF-91D6-021EB0E099BD.pickle,0
/path/to/tcga-brca/pickles/TCGA-A2-A04P-01Z-00-DX1.5B481E02-D269-4732-8FDD-6494E6EE2B71.pickle,0
/path/to/tcga-brca/pickles/TCGA-E2-A1IK-01Z-00-DX1.25C554BB-AA90-4FF4-9D68-EEC899B8A27D.pickle,0
/path/to/tcga-brca/pickles/TCGA-E2-A1IE-01Z-00-DX1.D6BF29A7-4FBD-4F7D-B093-991FA0F49FE8.pickle,0
/path/to/tcga-brca/pickles/TCGA-EW-A1J1-01Z-00-DX1.FFC2D5DB-E6D0-4143-A1E7-0A2027846C8C.pickle,0
/path/to/tcga-brca/pickles/TCGA-E2-A1IU-01Z-00-DX1.E2F24814-24BA-4158-8841-F27A8E100589.pickle,0
/path/to/tcga-brca/pickles/TCGA-AN-A0FL-01Z-00-DX1.20A041C6-A306-4599-A7D1-65032A252AA9.pickle,0
/path/to/tcga-brca/pickles/TCGA-C8-A273-01Z-00-DX1.6E5D581F-DF80-478D-82D1-6D6525EED1B5.pickle,0
/path/to/tcga-brca/pickles/TCGA-AN-A0FW-01Z-00-DX1.5EEDFC71-6ABE-4189-8C45-2127403A8F04.pickle,0
/path/to/tcga-brca/pickles/TCGA-A8-A095-01Z-00-DX1.97072E53-7323-4836-9D58-22B7C346A7CE.pickle,0
/path/to/tcga-brca/pickles/TCGA-A2-A04T-01Z-00-DX1.71444266-BD56-4183-9603-C7AC20C9DA1E.pickle,0
/path/to/tcga-brca/pickles/TCGA-A2-A0YC-01Z-00-DX1.F01F2268-17D8-45FD-8917-FD89454D0709.pickle,0
/path/to/tcga-brca/pickles/TCGA-OL-A5D8-01Z-00-DX1.C0A75731-1DDC-4FAF-A2C5-2E2ECB23DC13.pickle,0
/path/to/tcga-brca/pickles/TCGA-A8-A086-01Z-00-DX1.E5FD8C53-2068-4018-B3C0-08EED253ACD2.pickle,0
/path/to/tcga-brca/pickles/TCGA-A8-A06T-01Z-00-DX1.BA8B8FC3-6169-48C1-BE1F-37F140CB4D3B.pickle,0
/path/to/tcga-brca/pickles/TCGA-A2-A0D4-01Z-00-DX1.35E43827-DABC-4685-A62A-333672923349.pickle,0
/path/to/tcga-brca/pickles/TCGA-A8-A09K-01Z-00-DX1.41B2DF5F-C0E1-43BB-BAA5-2946A9EC4650.pickle,0
/path/to/tcga-brca/pickles/TCGA-A2-A0CL-01Z-00-DX1.5342E971-DCD2-42C4-B4FF-E6942A95829E.pickle,0
/path/to/tcga-brca/pickles/TCGA-D8-A1JF-01Z-00-DX1.224EDA43-F822-4A88-814A-BA7D4C60F8CC.pickle,0
/path/to/tcga-brca/pickles/TCGA-AR-A251-01Z-00-DX1.E91E357A-3AD4-4F79-A698-05F0B21A37EC.pickle,0
/path/to/tcga-brca/pickles/TCGA-E2-A15C-01Z-00-DX1.26E13415-1D37-43C7-9EBB-4411BE7FCE10.pickle,0
/path/to/tcga-brca/pickles/TCGA-BH-A18L-01Z-00-DX1.01D6E3EF-6857-4CC6-BEA1-0BBC1A0B728F.pickle,0
/path/to/tcga-brca/pickles/TCGA-GM-A2DK-01Z-00-DX1.4F81A585-9549-454C-8E15-2E4545795460.pickle,0
/path/to/tcga-brca/pickles/TCGA-A2-A04X-01Z-00-DX1.E01A4522-67B3-4FEF-BD6B-99DFED9E7C85.pickle,0
/path/to/tcga-brca/pickles/TCGA-B6-A1KF-01Z-00-DX1.2E08E830-4216-4CD0-9646-1F489300E11D.pickle,0
/path/to/tcga-brca/pickles/TCGA-AN-A0FS-01Z-00-DX1.104368C2-28DA-4E43-8B27-78336AD5ABC8.pickle,0
/path/to/tcga-brca/pickles/TCGA-E9-A22H-01Z-00-DX1.0ee39fd1-b077-40ea-bd0d-8a3db474fdd5.pickle,0
/path/to/tcga-brca/pickles/TCGA-AR-A24R-01Z-00-DX1.47D79205-63E7-43E6-A513-2CD10DFA53C9.pickle,0
/path/to/tcga-brca/pickles/TCGA-B6-A0RI-01Z-00-DX1.E39951A4-AC6A-4B07-851B-F35CB86D79AA.pickle,0
/path/to/tcga-brca/pickles/TCGA-C8-A275-01Z-00-DX1.44D27E67-4DD6-4893-B38A-01E48F5A358A.pickle,0
/path/to/tcga-brca/pickles/TCGA-BH-A1F5-01Z-00-DX1.9A1AA3BB-80B1-473D-B075-8D65A94C4E0B.pickle,0
/path/to/tcga-brca/pickles/TCGA-BH-A0AY-01Z-00-DX1.A1153465-D9B3-4D83-BE85-F2524B071EE5.pickle,0
/path/to/tcga-brca/pickles/TCGA-BH-A0BD-01Z-00-DX1.CD4A6FC2-BA8C-4E30-972A-E6CD1BEAD8AD.pickle,0
/path/to/tcga-brca/pickles/TCGA-A8-A08L-01Z-00-DX1.0FC652B1-336D-4198-93FE-58D2214866D3.pickle,0
/path/to/tcga-brca/pickles/TCGA-BH-A0BQ-01Z-00-DX1.F5C6386B-BB2C-49DF-B3B8-6C4B80D060D4.pickle,0
/path/to/tcga-brca/pickles/TCGA-EW-A1PH-01Z-00-DX1.77e0f907-fe59-4dc2-b582-6f10330a9c01.pickle,0
/path/to/tcga-brca/pickles/TCGA-A7-A4SD-01Z-00-DX1.677152B3-17B2-42DB-AEEC-C9509ACCE831.pickle,0
/path/to/tcga-brca/pickles/TCGA-Z7-A8R6-01Z-00-DX1.CE4ED818-D762-4324-9DEA-2ACB38B9B0B9.pickle,0
/path/to/tcga-brca/pickles/TCGA-BH-A0BF-01Z-00-DX1.934DF984-9054-4B20-B85B-9CF94B8DC3D4.pickle,0
/path/to/tcga-brca/pickles/TCGA-LL-A740-01Z-00-DX1.757D94A5-EF0F-4A0E-99A9-8809B66438DA.pickle,0
/path/to/tcga-brca/pickles/TCGA-B6-A0X1-01Z-00-DX1.2A41630E-A8BF-4966-99F5-D5D8036B1759.pickle,0
/path/to/tcga-brca/pickles/TCGA-AO-A0JI-01Z-00-DX1.4DCDA545-B7E3-49DF-AB10-963E84BEB105.pickle,0
/path/to/tcga-brca/pickles/TCGA-E2-A14X-01Z-00-DX1.24ADDA43-F127-4A6B-9AAD-2FAD982A853D.pickle,0
/path/to/tcga-brca/pickles/TCGA-E9-A1N8-01Z-00-DX1.1243AB1C-75A3-4A5E-9674-53992E6DD377.pickle,0
/path/to/tcga-brca/pickles/TCGA-GM-A2DH-01Z-00-DX1.5790F15F-2A0F-4929-8FE4-18A557007989.pickle,0
/path/to/tcga-brca/pickles/TCGA-A8-A076-01Z-00-DX1.BAAC4F9C-0C04-42FB-95F4-D765305089B8.pickle,0
/path/to/tcga-brca/pickles/TCGA-E9-A244-01Z-00-DX1.4FDAA892-9DBF-4E5D-89F3-2A84C8AC8F0A.pickle,0
/path/to/tcga-brca/pickles/TCGA-BH-A18G-01Z-00-DX1.DB2B5819-CE83-4E07-BD03-2CD9CF2E246C.pickle,0
/path/to/tcga-brca/pickles/TCGA-D8-A143-01Z-00-DX1.4697FB2F-91D5-4506-AF23-7DE304D44A3F.pickle,0
/path/to/tcga-brca/pickles/TCGA-BH-A1FH-01Z-00-DX1.F90A691F-B6DB-4C4A-9975-9A2CB01F29E2.pickle,0
/path/to/tcga-brca/pickles/TCGA-D8-A1JT-01Z-00-DX1.F278C419-E405-4BDA-BA50-BFBA08801168.pickle,0
/path/to/tcga-brca/pickles/TCGA-E9-A1RH-01Z-00-DX1.CC9CEDCC-7BF2-4C96-A0F1-C98071DA2CD3.pickle,0
/path/to/tcga-brca/pickles/TCGA-BH-A1FL-01Z-00-DX1.D3E9F46E-9A28-4AAE-8C87-D6F1851227A3.pickle,0
/path/to/tcga-brca/pickles/TCGA-BH-A5J0-01Z-00-DX1.73CFBC85-8449-48FF-86F8-D4D49A90498B.pickle,0
/path/to/tcga-brca/pickles/TCGA-E2-A152-01Z-00-DX1.B0860DEB-D34B-4C5D-97F5-C1C646437424.pickle,0
/path/to/tcga-brca/pickles/TCGA-EW-A1P6-01Z-00-DX1.A8024C26-6336-4858-88FD-5679795899BA.pickle,0
/path/to/tcga-brca/pickles/TCGA-BH-A0DX-01Z-00-DX1.45C27E71-9A0A-400E-93A9-5CE7780F3C5E.pickle,0
/path/to/tcga-brca/pickles/TCGA-E2-A15A-01Z-00-DX1.B9D22735-FE9F-46D9-84E6-0C71A1BF84D6.pickle,0
/path/to/tcga-brca/pickles/TCGA-E9-A243-01Z-00-DX1.9A3B34E5-25EF-4243-8680-FABF2F1CCDA9.pickle,0
/path/to/tcga-brca/pickles/TCGA-AO-A12D-01Z-00-DX1.BA006BAD-5C6E-4099-BC99-3888E69F506E.pickle,0
/path/to/tcga-brca/pickles/TCGA-BH-A18T-01Z-00-DX1.90123A74-F631-4538-AB2E-4076486ADF88.pickle,0
/path/to/tcga-brca/pickles/TCGA-E9-A1R2-01Z-00-DX1.5529C856-4F4F-4F17-94A2-5CEF94A940EB.pickle,0
/path/to/tcga-brca/pickles/TCGA-A8-A075-01Z-00-DX1.8E06AF51-951F-48E8-934E-42A455F65E5F.pickle,0
/path/to/tcga-brca/pickles/TCGA-A8-A09B-01Z-00-DX1.97CCDA89-AB73-4F05-A900-668160227B78.pickle,0
/path/to/tcga-brca/pickles/TCGA-BH-A18M-01Z-00-DX1.56E6935A-62CB-4CBE-BDCA-60DA56422CE0.pickle,0
/path/to/tcga-brca/pickles/TCGA-A7-A13F-01Z-00-DX2.8CC23BAD-B3CC-4BBC-832A-A3879D6EF62D.pickle,0
/path/to/tcga-brca/pickles/TCGA-A2-A0CQ-01Z-00-DX1.4E5FB4E5-A08C-4C87-A3BE-0640A95AE649.pickle,0
/path/to/tcga-brca/pickles/TCGA-BH-A0BO-01Z-00-DX1.1A704471-FEB3-40F9-9838-3E347A18285F.pickle,0
/path/to/tcga-brca/pickles/TCGA-B6-A0X7-01Z-00-DX1.A2AA8FE9-CF43-434A-AE72-7277D124BD0A.pickle,0
/path/to/tcga-brca/pickles/TCGA-A8-A08A-01Z-00-DX1.3BB777A0-8652-4483-8DD6-8EB88AB0A8EF.pickle,0
/path/to/tcga-brca/pickles/TCGA-A1-A0SM-01Z-00-DX1.AD503DBD-4D93-4476-B467-F091254FDF78.pickle,0
/path/to/tcga-brca/pickles/TCGA-A2-A0ST-01Z-00-DX1.AE05A5DB-4861-40DE-B0F5-7955FC903A96.pickle,0
/path/to/tcga-brca/pickles/TCGA-AN-A0XP-01Z-00-DX1.A4EE3970-5C1F-482E-9AED-F1E3C52A776F.pickle,0
/path/to/tcga-brca/pickles/TCGA-C8-A135-01Z-00-DX1.B69A605E-B577-4F43-9471-2C95312B05D9.pickle,0
/path/to/tcga-brca/pickles/TCGA-A8-A085-01Z-00-DX1.0DA29016-AEA4-4E5F-B679-83095A79F5B3.pickle,0
/path/to/tcga-brca/pickles/TCGA-AO-A1KT-01Z-00-DX1.47878910-4359-4795-B0BB-FAC147C8D932.pickle,0
/path/to/tcga-brca/pickles/TCGA-BH-A1FN-01Z-00-DX1.CEE3C59B-6CF0-4D41-8334-6067BB5A8BF7.pickle,0
/path/to/tcga-brca/pickles/TCGA-BH-A203-01Z-00-DX1.FAE40A13-0C4A-415F-9396-01041FF6B855.pickle,0
/path/to/tcga-brca/pickles/TCGA-BH-A0HA-01Z-00-DX1.5A2F5C86-E1E7-445D-A4E3-29980FA37708.pickle,0
/path/to/tcga-brca/pickles/TCGA-D8-A1J9-01Z-00-DX2.E1C59487-9563-4501-845F-2067A0C5C59B.pickle,0
/path/to/tcga-brca/pickles/TCGA-E2-A570-01Z-00-DX1.64E5F2CA-9396-40DC-A300-04A54657BDE6.pickle,0
/path/to/tcga-brca/pickles/TCGA-AR-A0U0-01Z-00-DX1.C8BECD9F-68D9-47B1-B31E-C1C6CAE456B6.pickle,0
/path/to/tcga-brca/pickles/TCGA-A2-A0YJ-01Z-00-DX1.8135C74E-DAA8-4C8E-AF14-A4B5B57695BE.pickle,0
/path/to/tcga-brca/pickles/TCGA-A2-A25C-01Z-00-DX1.F8E6044A-435E-42D5-94FF-C0F572F1ED99.pickle,0
/path/to/tcga-brca/pickles/TCGA-E2-A1BD-01Z-00-DX1.A2AFF7AD-ED47-43E4-87FE-62882BAEB8DA.pickle,0
/path/to/tcga-brca/pickles/TCGA-E2-A1L9-01Z-00-DX1.F2CC1036-8EEE-4664-962E-541B8ACB10DE.pickle,0
/path/to/tcga-brca/pickles/TCGA-A2-A04Q-01Z-00-DX1.DF7ED6B6-7701-486D-9007-F26B6F0682C4.pickle,0
/path/to/tcga-brca/pickles/TCGA-GM-A2DD-01Z-00-DX1.01332FF3-7488-41B7-A515-7841715DE92B.pickle,0
/path/to/tcga-brca/pickles/TCGA-AR-A250-01Z-00-DX1.572A2F73-6BF5-4932-BFEF-4B8904755ACF.pickle,0
/path/to/tcga-brca/pickles/TCGA-B6-A0I2-01Z-00-DX1.885D2034-73B7-48AE-8343-631F89061C38.pickle,0
/path/to/tcga-brca/pickles/TCGA-A2-A04W-01Z-00-DX1.F7E7B945-2ADC-4741-8FCE-ACEA657DB9C7.pickle,0
/path/to/tcga-brca/pickles/TCGA-A2-A4S3-01Z-00-DX1.50699E65-E536-4C9B-93A7-4C9894624A29.pickle,0
/path/to/tcga-brca/pickles/TCGA-D8-A1X9-01Z-00-DX1.28CE7849-EEC5-4ABB-A319-A977A1FD3CD1.pickle,0
/path/to/tcga-brca/pickles/TCGA-AN-A0XO-01Z-00-DX1.204E554E-B1A8-41AD-8E39-62484DF4E3CD.pickle,0
/path/to/tcga-brca/pickles/TCGA-EW-A2FR-01Z-00-DX1.FF521BBF-F5BA-4B03-9CA1-101A337F4B45.pickle,0
/path/to/tcga-brca/pickles/TCGA-LL-A73Y-01Z-00-DX1.50C20931-3AA9-40B4-8A73-56B1976423A8.pickle,0
/path/to/tcga-brca/pickles/TCGA-A2-A1FZ-01Z-00-DX1.0BAAEF41-DCA4-4677-9A27-09E990033FA6.pickle,0
/path/to/tcga-brca/pickles/TCGA-AN-A0FT-01Z-00-DX1.6F263AB3-FB1D-4056-AEC2-4F163017324F.pickle,0
/path/to/tcga-brca/pickles/TCGA-B6-A0WV-01Z-00-DX1.A8B9E114-A8CF-4389-B47C-2E1B842F7FF9.pickle,0
/path/to/tcga-brca/pickles/TCGA-A1-A0SH-01Z-00-DX1.90E71B08-E1D9-4FC2-85AC-062E56DDF17C.pickle,0
/path/to/tcga-brca/pickles/TCGA-AO-A0JC-01Z-00-DX1.C8DD421B-9799-4FE7-9224-5EAC6ED1028E.pickle,0
/path/to/tcga-brca/pickles/TCGA-A2-A0CP-01Z-00-DX1.ECFD263C-BB17-4ADA-8F2C-654C2AA4C45F.pickle,0
/path/to/tcga-brca/pickles/TCGA-BH-A0DI-01Z-00-DX1.6A42D535-8842-4C36-8299-A40E9E56759D.pickle,0
/path/to/tcga-brca/pickles/TCGA-BH-A18H-01Z-00-DX1.4EC9108F-04C2-4B28-BD74-97A414C9A536.pickle,0
/path/to/tcga-brca/pickles/TCGA-C8-A1HJ-01Z-00-DX1.745159F1-85E7-4CC0-B088-E1CA91916FB8.pickle,0
/path/to/tcga-brca/pickles/TCGA-A7-A13E-01Z-00-DX1.891954FF-316A-4562-AA14-429631944F22.pickle,0
/path/to/tcga-brca/pickles/TCGA-C8-A138-01Z-00-DX1.845A0680-23A4-4A58-A9C4-2EE17BDBD371.pickle,0
/path/to/tcga-brca/pickles/TCGA-BH-A1F8-01Z-00-DX1.8BB026F7-35CB-483F-B665-4C3A3EF47E1B.pickle,0
/path/to/tcga-brca/pickles/TCGA-A7-A0CE-01Z-00-DX2.5AD1DB65-10E7-4996-AB5E-13D7851EC5FA.pickle,0
/path/to/tcga-brca/pickles/TCGA-BH-A0HU-01Z-00-DX1.73B38904-E4F8-4F45-BD75-A27EC833B6DE.pickle,0
/path/to/tcga-brca/pickles/TCGA-A1-A0SD-01Z-00-DX1.DB17BFA9-D951-42A8-91D2-F4C2EBC6EB9F.pickle,0
/path/to/tcga-brca/pickles/TCGA-A8-A082-01Z-00-DX1.5F82E38D-0DFD-4C2C-BC05-8F0EFEFC507C.pickle,0
/path/to/tcga-brca/pickles/TCGA-B6-A0X4-01Z-00-DX1.4B7914DE-3436-4D69-9BC6-F6419D3CC518.pickle,0
/path/to/tcga-brca/pickles/TCGA-D8-A1JE-01Z-00-DX2.CCF3DFEF-E851-425A-BCD0-0F7B377A00BC.pickle,0
/path/to/tcga-brca/pickles/TCGA-3C-AALK-01Z-00-DX1.4E6EB156-BB19-410F-878F-FC0EA7BD0B53.pickle,0
/path/to/tcga-brca/pickles/TCGA-OL-A66L-01Z-00-DX1.E01BA275-57A5-49DF-9376-1AD0BDFFF7E2.pickle,0
/path/to/tcga-brca/pickles/TCGA-E9-A226-01Z-00-DX1.14f1f4c7-4e6e-4574-af20-60d2ab511b2a.pickle,0
/path/to/tcga-brca/pickles/TCGA-AC-A5XU-01Z-00-DX1.1AEEFAAF-0906-4086-8022-13B689FAB9F5.pickle,0
/path/to/tcga-brca/pickles/TCGA-BH-A0H7-01Z-00-DX1.21502FEA-DB37-4630-BA42-778DDF3A6D17.pickle,0
/path/to/tcga-brca/pickles/TCGA-BH-A1EN-01Z-00-DX1.F535657F-E2FA-4283-87AE-7DAB663B196B.pickle,0
/path/to/tcga-brca/pickles/TCGA-E9-A1R0-01Z-00-DX1.187C58EA-132E-4B3C-BAD0-7F59101D5C4D.pickle,0
/path/to/tcga-brca/pickles/TCGA-E9-A1R3-01Z-00-DX1.779642c7-b3b0-4ff2-af97-201d4bcfc197.pickle,0
/path/to/tcga-brca/pickles/TCGA-UU-A93S-01Z-00-DX1.C4809779-DF5F-4F5D-A78C-B7F95F2D050F.pickle,0
/path/to/tcga-brca/pickles/TCGA-D8-A1JD-01Z-00-DX1.6D215B14-DD90-4635-8645-AF06EBD9BA3F.pickle,0
/path/to/tcga-brca/pickles/TCGA-D8-A1XY-01Z-00-DX2.33D96E5C-5291-4864-B282-8BACA2043586.pickle,0
/path/to/tcga-brca/pickles/TCGA-A1-A0SJ-01Z-00-DX1.C196FA66-C376-4016-86BC-3D8E745B3A51.pickle,0
/path/to/tcga-brca/pickles/TCGA-AN-A0XS-01Z-00-DX1.B4D4B73E-2912-4B2E-B18A-FBC35F8160D3.pickle,0
/path/to/tcga-brca/pickles/TCGA-A8-A08I-01Z-00-DX1.96A0065E-5430-40F6-835E-1A7238A79DDA.pickle,0
/path/to/tcga-brca/pickles/TCGA-E9-A1RA-01Z-00-DX1.E1C527C3-EDF2-442A-80FE-3E3AFBC5EF5A.pickle,0
/path/to/tcga-brca/pickles/TCGA-AN-A046-01Z-00-DX1.C529B94F-AFE3-4701-BC98-5D6EDF7B82C0.pickle,0
/path/to/tcga-brca/pickles/TCGA-E2-A14N-01Z-00-DX1.15F5644F-CA9F-4688-B56E-BCC00CA4769B.pickle,0
/path/to/tcga-brca/pickles/TCGA-C8-A27A-01Z-00-DX1.0E26C46D-CD65-40F3-8976-EB4415582934.pickle,0
/path/to/tcga-brca/pickles/TCGA-BH-A0DD-01Z-00-DX1.2242DD1F-0B7C-4B43-A7A9-8130D2BDEE78.pickle,0
/path/to/tcga-brca/pickles/TCGA-D8-A142-01Z-00-DX1.F6D58989-9120-40C9-918D-6B1650C1A8E8.pickle,0
/path/to/tcga-brca/pickles/TCGA-D8-A27L-01Z-00-DX1.6572593C-B015-4F9A-8C9B-B634CAA0D3B4.pickle,0
/path/to/tcga-brca/pickles/TCGA-E2-A1LI-01Z-00-DX1.503dd2fa-23ef-4b11-8aab-301e069eaa88.pickle,0
/path/to/tcga-brca/pickles/TCGA-A7-A0CD-01Z-00-DX1.F045B9C8-049C-41BF-8432-EF89F236D34D.pickle,0
/path/to/tcga-brca/pickles/TCGA-A8-A07E-01Z-00-DX1.AC684481-979A-46F9-91D7-C56CE85992F2.pickle,0
/path/to/tcga-brca/pickles/TCGA-GM-A2DL-01Z-00-DX1.1CE6992E-B1CE-45AB-B2EB-75338B6FEE9D.pickle,0
/path/to/tcga-brca/pickles/TCGA-A2-A1FW-01Z-00-DX1.DC2BC5D7-E57B-444E-833F-9A1B6E11DE6D.pickle,0
/path/to/tcga-brca/pickles/TCGA-E9-A1R6-01Z-00-DX1.59770592-498A-47EA-AE32-42AC1D8E99BE.pickle,0
/path/to/tcga-brca/pickles/TCGA-A2-A04R-01Z-00-DX1.BE3661A3-A2A0-4248-B7D5-D8986E529B6C.pickle,0
/path/to/tcga-brca/pickles/TCGA-D8-A1XR-01Z-00-DX2.A103FB8B-4397-4DD4-8587-90A736407484.pickle,0
/path/to/tcga-brca/pickles/TCGA-B6-A0IG-01Z-00-DX1.4238CB6E-0561-49FD-9C49-9B8AEAFC4618.pickle,0
/path/to/tcga-brca/pickles/TCGA-B6-A0IN-01Z-00-DX1.5C1CBEF7-0C4A-4B22-A85B-6F6FD9435573.pickle,0
/path/to/tcga-brca/pickles/TCGA-BH-A0HB-01Z-00-DX1.F90F7139-B804-4548-9FAF-9B475BF225EB.pickle,0
/path/to/tcga-brca/pickles/TCGA-AN-A03Y-01Z-00-DX1.074C48E5-ED69-40AE-8709-444898122BF4.pickle,0
/path/to/tcga-brca/pickles/TCGA-E9-A247-01Z-00-DX1.3B2DF1CB-054A-44C4-9AD5-D8FA6D386A93.pickle,0
/path/to/tcga-brca/pickles/TCGA-E2-A15K-01Z-00-DX1.9F424BE2-9BFE-4DFF-8CC9-10D2DADBBEA7.pickle,0
/path/to/tcga-brca/pickles/TCGA-A8-A07L-01Z-00-DX1.D9E1051F-724E-4E88-940A-C97005DC5BEB.pickle,0
/path/to/tcga-brca/pickles/TCGA-D8-A1JK-01Z-00-DX1.3190C919-A403-460D-9F6C-D2AB5FD3FD05.pickle,0
/path/to/tcga-brca/pickles/TCGA-E2-A14P-01Z-00-DX1.663B02FF-C64B-41A6-8685-FD61CD76F9C6.pickle,0
/path/to/tcga-brca/pickles/TCGA-D8-A1X5-01Z-00-DX2.E4D28EE2-9C87-4613-BD2E-89FBEF960DEE.pickle,0
/path/to/tcga-brca/pickles/TCGA-A2-A04N-01Z-00-DX1.9E9B7DB0-1CF1-4631-8292-A9DBCA0BD37C.pickle,0
/path/to/tcga-brca/pickles/TCGA-BH-A0BZ-01Z-00-DX1.45EB3E93-A871-49C6-9EAE-90D98AE01913.pickle,0
/path/to/tcga-brca/pickles/TCGA-AR-A0TQ-01Z-00-DX1.2BEA298C-6B3D-4133-ADBC-769E62CEFFA0.pickle,0
/path/to/tcga-brca/pickles/TCGA-E2-A1IN-01Z-00-DX1.F63F004F-847D-41B0-BAEF-3189D4965838.pickle,0
/path/to/tcga-brca/pickles/TCGA-E2-A14V-01Z-00-DX1.D6274B5E-644C-478C-817F-B8BB9262D6F4.pickle,0
/path/to/tcga-brca/pickles/TCGA-A8-A09R-01Z-00-DX1.392580F3-0CE5-4EDB-91CF-814AAD0DB649.pickle,0
/path/to/tcga-brca/pickles/TCGA-BH-A1F0-01Z-00-DX1.E1557A67-230A-4337-AEC8-158258A917FF.pickle,0
/path/to/tcga-brca/pickles/TCGA-AO-A0JB-01Z-00-DX1.250FE098-345B-4981-9236-0519E1C9058E.pickle,0
/path/to/tcga-brca/pickles/TCGA-AO-A03O-01Z-00-DX1.054BBC89-69F4-4311-814D-E343472CD2C0.pickle,0
/path/to/tcga-brca/pickles/TCGA-BH-A0AV-01Z-00-DX1.5A686DA4-A29D-4BA7-9BCA-B707F8755E83.pickle,0
/path/to/tcga-brca/pickles/TCGA-A2-A3XX-01Z-00-DX1.03C6D70F-2833-4E97-91B7-DE70CD083D92.pickle,0
/path/to/tcga-brca/pickles/TCGA-AO-A1KP-01Z-00-DX1.612442AB-24E2-489B-9838-7CEE82BCD605.pickle,0
/path/to/tcga-brca/pickles/TCGA-AN-A0FV-01Z-00-DX1.C0D02946-FCDA-472D-895D-7ACF5C96B264.pickle,0
/path/to/tcga-brca/pickles/TCGA-C8-A278-01Z-00-DX1.188B3FE0-7B20-401A-A6B7-8F1798018162.pickle,0
/path/to/tcga-brca/pickles/TCGA-S3-AA11-01Z-00-DX1.36B83B37-2928-4DB7-A04A-8D511F1183FD.pickle,0
/path/to/tcga-brca/pickles/TCGA-E2-A14Q-01Z-00-DX1.C19BA7FD-D986-4E3B-9A79-F3531A78F05D.pickle,0
/path/to/tcga-brca/pickles/TCGA-B6-A0RL-01Z-00-DX1.B5B6709B-5F38-4561-A0E7-C78F97B33F22.pickle,0
/path/to/tcga-brca/pickles/TCGA-A2-A04V-01Z-00-DX1.EB430DDB-8FE9-4302-8829-53DBAD09E79F.pickle,0
/path/to/tcga-brca/pickles/TCGA-AN-A041-01Z-00-DX1.96D3628B-FB6E-4A41-A5E8-8896B0657F1C.pickle,0
/path/to/tcga-brca/pickles/TCGA-E2-A1L6-01Z-00-DX1.AFE87067-2BFD-42C2-9334-9DDE8AB61B49.pickle,0
/path/to/tcga-brca/pickles/TCGA-BH-A18I-01Z-00-DX1.EE699DE3-EBF4-4AB4-8319-9911F027FA18.pickle,0
/path/to/tcga-brca/pickles/TCGA-D8-A1J8-01Z-00-DX1.EADAB43A-87C6-47FA-9120-25B69E23366D.pickle,0
/path/to/tcga-brca/pickles/TCGA-GM-A2DI-01Z-00-DX1.5E9715EA-9D2B-49D0-8F1D-972CF24B1960.pickle,0
/path/to/tcga-brca/pickles/TCGA-BH-A0BM-01Z-00-DX1.8BD324F2-60F5-4F59-AF2D-533A5FB230BF.pickle,0
/path/to/tcga-brca/pickles/TCGA-EW-A1PB-01Z-00-DX1.B2E9B88F-C371-4821-9B7B-8A63BB120D95.pickle,0
/path/to/tcga-brca/pickles/TCGA-A7-A0DB-01Z-00-DX2.6C6A5F9C-294F-4A86-A0F1-B68D4729B535.pickle,0
/path/to/tcga-brca/pickles/TCGA-B6-A0RE-01Z-00-DX1.8933BDB4-EF8D-41FA-9A50-05BB3AB976E5.pickle,0
/path/to/tcga-brca/pickles/TCGA-OL-A5D6-01Z-00-DX1.6B11331B-4A0D-4E13-B054-A5C7A6FC3AAC.pickle,0
/path/to/tcga-brca/pickles/TCGA-BH-A18F-01Z-00-DX1.81A81589-2D77-4CD6-BD34-76E292AA031D.pickle,0
/path/to/tcga-brca/pickles/TCGA-E9-A1QZ-01Z-00-DX1.CDAECCA9-4F09-491F-A975-B775D47E46F0.pickle,0
/path/to/tcga-brca/pickles/TCGA-BH-A0DV-01Z-00-DX1.2F0B5FB3-40F0-4D27-BFAC-390FB9A42B39.pickle,0
/path/to/tcga-brca/pickles/TCGA-C8-A26Y-01Z-00-DX1.166EE604-4EF3-401D-99E9-3A9711316CC4.pickle,0
/path/to/tcga-brca/pickles/TCGA-B6-A0RS-01Z-00-DX1.F72B766D-FC49-4876-A93D-D88B05702267.pickle,0
/path/to/tcga-brca/pickles/TCGA-BH-A0HQ-01Z-00-DX1.0921FCEF-20A2-4D4B-A198-91AF9F6C814C.pickle,0
/path/to/tcga-brca/pickles/TCGA-BH-A1EV-01Z-00-DX1.106CF220-1D7D-40DD-88B2-A7F00B758F8F.pickle,0
/path/to/tcga-brca/pickles/TCGA-D8-A1XK-01Z-00-DX1.41EB1BBC-F230-4E3F-8C4E-CE331CAF1935.pickle,0
/path/to/tcga-brca/pickles/TCGA-E2-A14Y-01Z-00-DX1.804A22A3-FD8D-4C8A-A766-48D28434DE22.pickle,0
/path/to/tcga-brca/pickles/TCGA-BH-A0DT-01Z-00-DX1.73AFCEBB-06B1-4870-ADA2-881511B1BE2D.pickle,0
/path/to/tcga-brca/pickles/TCGA-A2-A0T7-01Z-00-DX1.EA4DF9B5-8D04-4BCC-9ECB-CB8CB8ACBE1C.pickle,0
/path/to/tcga-brca/pickles/TCGA-AN-A0AM-01Z-00-DX1.169CE39A-DD54-46D8-8D03-60B69A473CDB.pickle,0
/path/to/tcga-brca/pickles/TCGA-E2-A108-01Z-00-DX1.B110ED43-08A4-476A-A658-1CA75F7C0DDE.pickle,0
/path/to/tcga-brca/pickles/TCGA-GM-A2D9-01Z-00-DX1.AF4BF2DD-05FB-400B-A1BC-6E7C9B9DDF05.pickle,0
/path/to/tcga-brca/pickles/TCGA-AC-A62X-01Z-00-DX1.36FDC9AA-4EBE-40E6-92C2-8471049171A4.pickle,0
/path/to/tcga-brca/pickles/TCGA-E9-A227-01Z-00-DX1.823062BF-3444-489B-AF91-AAD4ECAA1DC7.pickle,0
/path/to/tcga-brca/pickles/TCGA-A2-A3XU-01Z-00-DX1.174A92D4-50B2-4A59-AD31-D5EC5BBF2F65.pickle,0
/path/to/tcga-brca/pickles/TCGA-AR-A1AW-01Z-00-DX1.E527CA46-D83F-4055-8C7E-AEFEF13C1E29.pickle,0
/path/to/tcga-brca/pickles/TCGA-AR-A0TV-01Z-00-DX1.29AE9996-E73A-41F8-BCC9-23DEDCA5A7AC.pickle,0
/path/to/tcga-brca/pickles/TCGA-D8-A1JD-01Z-00-DX2.C6A7667E-25C9-48BD-A4E7-F4BB740FE589.pickle,0
/path/to/tcga-brca/pickles/TCGA-A2-A0YG-01Z-00-DX1.89A39319-F880-47DE-B311-DA1F6A64B6F3.pickle,0
/path/to/tcga-brca/pickles/TCGA-C8-A12W-01Z-00-DX1.3727E7BB-831E-42DB-B5CB-F2D7C649290F.pickle,0
/path/to/tcga-brca/pickles/TCGA-BH-A0BV-01Z-00-DX1.3C9CD4F7-A001-430D-AA8D-80CAD61C344E.pickle,0
/path/to/tcga-brca/pickles/TCGA-A2-A04Y-01Z-00-DX1.4DC97AD6-4806-4A3A-A998-FD36F93590A4.pickle,0
/path/to/tcga-brca/pickles/TCGA-AQ-A04J-01Z-00-DX1.6A4E16D4-2696-4E5F-BCA8-708556FC3A8C.pickle,0
/path/to/tcga-brca/pickles/TCGA-AR-A256-01Z-00-DX1.950D4546-4BF4-4380-9877-51D86A93D755.pickle,0
/path/to/tcga-brca/pickles/TCGA-BH-A0DO-01Z-00-DX1.1684557E-A5D4-4828-B2D5-FA899993A019.pickle,0
/path/to/tcga-brca/pickles/TCGA-A2-A25F-01Z-00-DX1.87499CD4-E41C-46B1-AAF3-5CE881F2B8BC.pickle,0
/path/to/tcga-brca/pickles/TCGA-C8-A1HN-01Z-00-DX1.7EBBEAB1-EBB7-456F-8848-AFE2263242B7.pickle,0
/path/to/tcga-brca/pickles/TCGA-A2-A0EU-01Z-00-DX1.13335BEB-63D4-469B-A389-8A079A096129.pickle,0
/path/to/tcga-brca/pickles/TCGA-A1-A0SQ-01Z-00-DX1.36071264-3407-4224-BCBB-2ED00294569A.pickle,0
/path/to/tcga-brca/pickles/TCGA-A2-A0SX-01Z-00-DX1.219A994C-8974-4458-98FA-FB1F14868E04.pickle,0
/path/to/tcga-brca/pickles/TCGA-A2-A0EQ-01Z-00-DX1.5FCD8890-4594-4BE2-93B1-B8F698BFD2A0.pickle,0
/path/to/tcga-brca/pickles/TCGA-UL-AAZ6-01Z-00-DX1.0488628B-C06B-4A1D-9198-EC29D0BACF6E.pickle,0
/path/to/tcga-brca/pickles/TCGA-A8-A07I-01Z-00-DX1.37E7BB2E-8210-4216-B75F-0FD06D6C9AE3.pickle,0
/path/to/tcga-brca/pickles/TCGA-A7-A13G-01Z-00-DX1.C258C545-8C1F-41D4-846F-962A746CBDFB.pickle,0
/path/to/tcga-brca/pickles/TCGA-A7-A26H-01Z-00-DX1.3344CFD3-5A19-4B01-BEB2-AB89F83FD53A.pickle,0
/path/to/tcga-brca/pickles/TCGA-D8-A1X6-01Z-00-DX1.ABF237D4-708C-46A5-AEF8-58712E5DCC04.pickle,0
/path/to/tcga-brca/pickles/TCGA-E2-A15T-01Z-00-DX1.23913E37-53A8-4E11-9B64-CDD016F6D87A.pickle,0
/path/to/tcga-brca/pickles/TCGA-AO-A12F-01Z-00-DX1.847C8E4F-3F37-4B1D-8E6E-ACD14391AD89.pickle,0
/path/to/tcga-brca/pickles/TCGA-A1-A0SN-01Z-00-DX1.5E9B85AE-AFB7-41DC-8A1B-BD6DA39B6540.pickle,0
/path/to/tcga-brca/pickles/TCGA-A8-A07B-01Z-00-DX1.950B5E4E-C5F0-4445-9F88-E8C32CDFE6DA.pickle,0
/path/to/tcga-brca/pickles/TCGA-EW-A1IZ-01Z-00-DX1.81D5544E-0A7D-4A92-A3B0-4F22CFB8BBB2.pickle,0
/path/to/tcga-brca/pickles/TCGA-A8-A06Q-01Z-00-DX1.622AC6E4-DB1A-4C8D-8185-52D4FD1F30B4.pickle,0
/path/to/tcga-brca/pickles/TCGA-BH-A0BS-01Z-00-DX1.FEE32127-4D0B-4560-A39C-4EAA5B189B70.pickle,0
/path/to/tcga-brca/pickles/TCGA-A2-A0D0-01Z-00-DX1.4FF6B8E5-703B-400F-920A-104F56E0F874.pickle,0
/path/to/tcga-brca/pickles/TCGA-AR-A1AU-01Z-00-DX1.F06647D1-E5A3-46FE-8537-01A10A08A4EC.pickle,0
/path/to/tcga-brca/pickles/TCGA-EW-A1P8-01Z-00-DX1.E9852193-8CDD-49EF-B49B-DA6931198F0D.pickle,0
/path/to/tcga-brca/pickles/TCGA-A8-A07U-01Z-00-DX1.69D356C3-C7FC-47E9-B753-BE421263343F.pickle,0
/path/to/tcga-brca/pickles/TCGA-E9-A1R7-01Z-00-DX1.af9ff432-440e-44ac-bc33-298f5db9a706.pickle,0
/path/to/tcga-brca/pickles/TCGA-C8-A12O-01Z-00-DX1.A77E552B-7B69-45B7-B341-A03571F2A06C.pickle,0
/path/to/tcga-brca/pickles/TCGA-EW-A1J6-01Z-00-DX1.F668E978-13B6-4284-9522-37C65C57A21A.pickle,0
/path/to/tcga-brca/pickles/TCGA-BH-A0DE-01Z-00-DX1.64A0340A-8146-48E8-AAF7-4035988B9152.pickle,0
/path/to/tcga-brca/pickles/TCGA-D8-A1JI-01Z-00-DX1.9BDB647F-EEAB-4235-BE44-A3815A48CCE0.pickle,0
/path/to/tcga-brca/pickles/TCGA-A8-A08Z-01Z-00-DX1.D0AADCA6-C27C-4FB8-89C1-94B5901146E7.pickle,0
/path/to/tcga-brca/pickles/TCGA-E2-A573-01Z-00-DX1.D6633BC2-524D-4153-952F-6B1D8D067370.pickle,0
/path/to/tcga-brca/pickles/TCGA-OL-A6VO-01Z-00-DX1.291D54D6-EBAF-4622-BD42-97AA5997F014.pickle,0
/path/to/tcga-brca/pickles/TCGA-LD-A7W5-01Z-00-DX1.C9920081-C2FE-461E-AEF8-625D4A95BE2F.pickle,0
/path/to/tcga-brca/pickles/TCGA-AO-A03M-01Z-00-DX1.9998A9A0-D0A6-48FC-80FB-AE597CB9E8AA.pickle,0
/path/to/tcga-brca/pickles/TCGA-A8-A06Z-01Z-00-DX1.2BC8B71D-E01B-4CC1-B5E7-09BB54A5E1F8.pickle,0
/path/to/tcga-brca/pickles/TCGA-OL-A66I-01Z-00-DX1.8CE9DCAB-98D3-4163-94AC-1557D86C1E25.pickle,0
/path/to/tcga-brca/pickles/TCGA-A8-A06Y-01Z-00-DX1.3BC58446-524E-43F3-AAE6-FBC4AA543E66.pickle,0
/path/to/tcga-brca/pickles/TCGA-A7-A0D9-01Z-00-DX2.66CD9ED8-223B-4AC8-AA1A-2481FB0C47B3.pickle,0
/path/to/tcga-brca/pickles/TCGA-A8-A0A9-01Z-00-DX1.16524DDD-539D-4E47-9A8F-1B910D4FEC2D.pickle,0
/path/to/tcga-brca/pickles/TCGA-BH-A0B3-01Z-00-DX1.90CB0ED5-FBB7-4ABF-93A0-DD88D60D3D55.pickle,0
/path/to/tcga-brca/pickles/TCGA-A2-A1G0-01Z-00-DX1.9ECB0B8A-EF4E-45A9-82AC-EF36375DEF65.pickle,0
/path/to/tcga-brca/pickles/TCGA-D8-A13Y-01Z-00-DX1.02321E77-A11E-41A5-95FE-BB897EA5CE58.pickle,0
/path/to/tcga-brca/pickles/TCGA-E2-A15H-01Z-00-DX1.E3A9DFDC-204D-4F03-98D9-97BBBB74E840.pickle,0
/path/to/tcga-brca/pickles/TCGA-AN-A0AR-01Z-00-DX1.0CF1267E-C61B-4928-875E-59032F838F07.pickle,0
/path/to/tcga-brca/pickles/TCGA-A7-A56D-01Z-00-DX1.87D9CCF4-04EE-46D2-B7FC-A83561D7752C.pickle,0
/path/to/tcga-brca/pickles/TCGA-AN-A0FN-01Z-00-DX1.CAA3C2D0-7E74-48E5-ACB7-487434C7AAD2.pickle,0
/path/to/tcga-brca/pickles/TCGA-AO-A03L-01Z-00-DX1.DE6561A9-E6B8-4BF0-AAA8-F91C87A66037.pickle,0
/path/to/tcga-brca/pickles/TCGA-AQ-A54O-01Z-00-DX1.85AB0AC4-47BB-4CD8-B7FB-5928108864AC.pickle,0
/path/to/tcga-brca/pickles/TCGA-B6-A0RM-01Z-00-DX1.31DE3E32-7996-4D30-BB5F-72C94409C940.pickle,0
/path/to/tcga-brca/pickles/TCGA-AN-A0FZ-01Z-00-DX1.9555AF11-3A0D-4FE3-AE91-09DA77B175CA.pickle,0
/path/to/tcga-brca/pickles/TCGA-BH-A0BR-01Z-00-DX1.F7912887-8AE9-4391-9B83-9AC7B4FF38EF.pickle,0
/path/to/tcga-brca/pickles/TCGA-BH-A0W3-01Z-00-DX1.38DCA2B7-1A54-4FFA-BABA-29F80974BB17.pickle,0
/path/to/tcga-brca/pickles/TCGA-EW-A1OZ-01Z-00-DX1.9639BB06-FF02-475F-A89D-773BE12721CC.pickle,0
/path/to/tcga-brca/pickles/TCGA-E9-A1NG-01Z-00-DX1.30d2a611-21ad-4ba0-a03c-31f36ecb83d5.pickle,0
/path/to/tcga-brca/pickles/TCGA-B6-A0I5-01Z-00-DX1.47A30509-4BA0-4BA5-AD9B-F2C2DB701159.pickle,0
/path/to/tcga-brca/pickles/TCGA-AN-A0FD-01Z-00-DX1.8970DBBA-7D43-4C2E-B14A-6D21F1EF3425.pickle,0
/path/to/tcga-brca/pickles/TCGA-B6-A0RT-01Z-00-DX1.6C2BA663-D61B-404B-B62C-B81747B6A3AC.pickle,0
/path/to/tcga-brca/pickles/TCGA-C8-A26W-01Z-00-DX1.CFF07941-6CD1-4CF9-BE5F-387DA67B66CC.pickle,0
/path/to/tcga-brca/pickles/TCGA-C8-A1HF-01Z-00-DX1.81EF9A57-54E1-4750-9816-5571FD18A297.pickle,0
/path/to/tcga-brca/pickles/TCGA-AR-A1AI-01Z-00-DX1.5EF2A589-4284-45CF-BF0C-169E3A85530C.pickle,0
/path/to/tcga-brca/pickles/TCGA-A8-A079-01Z-00-DX1.DC32BC20-A3BC-43B3-B69F-1E71E289EA34.pickle,0
/path/to/tcga-brca/pickles/TCGA-B6-A0IM-01Z-00-DX1.E2CBD42F-D933-4446-BE7C-C2F8B5AFB976.pickle,0
/path/to/tcga-brca/pickles/TCGA-B6-A0IO-01Z-00-DX1.D8898C30-4016-4983-9359-5C1507C01715.pickle,0
/path/to/tcga-brca/pickles/TCGA-A7-A0CJ-01Z-00-DX2.4B591117-5FC9-4B43-8A45-444CCCABC666.pickle,0
/path/to/tcga-brca/pickles/TCGA-D8-A1XL-01Z-00-DX1.FDF07020-8F40-4C00-9023-E5F40E0D8A7C.pickle,0
/path/to/tcga-brca/pickles/TCGA-BH-A209-01Z-00-DX1.88B11AEB-11FA-4D23-BC21-378EF177E04B.pickle,0
/path/to/tcga-brca/pickles/TCGA-LL-A5YN-01Z-00-DX1.F221939B-3680-4B95-93A9-BE8599550E87.pickle,0
/path/to/tcga-brca/pickles/TCGA-D8-A1JS-01Z-00-DX1.76C592B0-DC6D-401A-9533-C9FE5B6CA08D.pickle,0
/path/to/tcga-brca/pickles/TCGA-E9-A1NH-01Z-00-DX1.20FF11B7-DAF0-41C2-B7C5-449BA5268EC0.pickle,0
/path/to/tcga-brca/pickles/TCGA-D8-A1X7-01Z-00-DX1.3529AEED-2827-4D94-9A8B-32F116EE49D5.pickle,0
/path/to/tcga-brca/pickles/TCGA-A2-A3XW-01Z-00-DX1.45F5F36F-5503-4A38-AF37-E526915A8DBE.pickle,0
/path/to/tcga-brca/pickles/TCGA-BH-A0BL-01Z-00-DX1.D5A413B0-2141-4A6F-A671-6C5EA8641D25.pickle,0
/path/to/tcga-brca/pickles/TCGA-3C-AALI-01Z-00-DX1.F6E9A5DF-D8FB-45CF-B4BD-C6B76294C291.pickle,0
/path/to/tcga-brca/pickles/TCGA-S3-AA12-01Z-00-DX1.2A991B9F-E7E6-410B-B0BF-635E3CC40C7E.pickle,0
/path/to/tcga-brca/pickles/TCGA-A2-A0CW-01Z-00-DX1.8E313A22-B0E8-44CF-ADEA-8BF29BA23FFE.pickle,0
/path/to/tcga-brca/pickles/TCGA-A7-A0CH-01Z-00-DX1.48ADDD0B-527A-404C-B794-7D7D35BF861F.pickle,0
/path/to/tcga-brca/pickles/TCGA-D8-A1XL-01Z-00-DX2.FDE2C80D-5DC4-4743-A180-C5AFC5BB0BE2.pickle,0
/path/to/tcga-brca/pickles/TCGA-LL-A5YP-01Z-00-DX1.ADA978DF-6625-4C4D-AE0C-F589B2BA4897.pickle,0
/path/to/tcga-brca/pickles/TCGA-PL-A8LZ-01A-01-DX1.B9F233EE-06DD-4C14-A392-D2937C7C0868.pickle,0
/path/to/tcga-brca/pickles/TCGA-C8-A131-01Z-00-DX1.5CB27A29-9951-40B9-B4DB-26A4D2EA89B8.pickle,0
/path/to/tcga-brca/pickles/TCGA-AO-A12A-01Z-00-DX1.4E9609A7-9AAD-40A8-8344-8369DF998006.pickle,0
/path/to/tcga-brca/pickles/TCGA-C8-A137-01Z-00-DX1.87F3775D-A401-4D5E-843F-8FB1D4BE97F8.pickle,0
/path/to/tcga-brca/pickles/TCGA-D8-A1Y3-01Z-00-DX1.8AA5F695-A06C-4DEA-AD71-16254A48B218.pickle,0
/path/to/tcga-brca/pickles/TCGA-AR-A255-01Z-00-DX1.E67C081D-50C9-451C-814B-F097B2671300.pickle,0
/path/to/tcga-brca/pickles/TCGA-E9-A1R4-01Z-00-DX1.B04D5A22-8CE5-49FD-8510-14444F46894D.pickle,0
/path/to/tcga-brca/pickles/TCGA-E9-A24A-01Z-00-DX1.F0342837-5750-4172-B60D-5F902E2A02FD.pickle,0
/path/to/tcga-brca/pickles/TCGA-A2-A0YM-01Z-00-DX1.A48B4C96-2CC5-464C-98B7-F0F92AE56533.pickle,0
/path/to/tcga-brca/pickles/TCGA-D8-A13Y-01Z-00-DX2.0043D2BB-B04D-4A44-AAB1-1CAAD97AC246.pickle,0
/path/to/tcga-brca/pickles/TCGA-PL-A8LX-01A-01-DX1.9646D69F-A764-4246-9243-67A63006DE96.pickle,0
/path/to/tcga-brca/pickles/TCGA-OL-A5RY-01Z-00-DX1.AE4E9D74-FC1C-4C1E-AE6D-5DF38899BBA6.pickle,0
/path/to/tcga-brca/pickles/TCGA-E9-A249-01Z-00-DX1.CA244384-FD89-44F6-8F94-A060A4C241CA.pickle,0
/path/to/tcga-brca/pickles/TCGA-C8-A12L-01Z-00-DX1.01863BE4-F4AB-45DE-894A-46544777C519.pickle,0
/path/to/tcga-brca/pickles/TCGA-BH-A18J-01Z-00-DX1.AE20ADB6-050C-405D-BF17-1EE4A1A4979A.pickle,0
/path/to/tcga-brca/pickles/TCGA-A7-A13G-01Z-00-DX2.72EF429E-75A7-4D1B-AFFC-8767CB213CDA.pickle,0
/path/to/tcga-brca/pickles/TCGA-BH-A0BT-01Z-00-DX1.9087B9E7-C0CD-4179-AF57-AD9255785169.pickle,0
/path/to/tcga-brca/pickles/TCGA-S3-A6ZF-01Z-00-DX1.E50205A0-63CA-49DE-8831-2A8916DEF403.pickle,0
/path/to/tcga-brca/pickles/TCGA-BH-A18Q-01Z-00-DX1.E89E49C7-D62A-4408-A3D9-19E79FCB249E.pickle,0
/path/to/tcga-brca/pickles/TCGA-A8-A09M-01Z-00-DX1.E2CEA8B5-C86D-4873-BE67-359FBEECCA09.pickle,0
/path/to/tcga-brca/pickles/TCGA-AR-A24S-01Z-00-DX1.317C3B19-0D0F-4315-AC2D-C741F09DD775.pickle,0
/path/to/tcga-brca/pickles/TCGA-AR-A1AN-01Z-00-DX1.1118F9FE-6DF2-4496-B102-D3A10D332EC0.pickle,0
/path/to/tcga-brca/pickles/TCGA-BH-A0E0-01Z-00-DX1.01E88024-83DF-4282-ABAF-F4E35807DA06.pickle,0
/path/to/tcga-brca/pickles/TCGA-B6-A0IA-01Z-00-DX1.8A868F0A-6CE2-46A7-AF0C-C5FC5D657D86.pickle,0
/path/to/tcga-brca/pickles/TCGA-AR-A0TT-01Z-00-DX1.127C2A4F-62AC-4E83-99DB-13519BD2949D.pickle,0
/path/to/tcga-brca/pickles/TCGA-E9-A1R5-01Z-00-DX1.b870d5eb-6259-4b49-86e4-569a9e32ecd5.pickle,0
/path/to/tcga-brca/pickles/TCGA-E2-A1LB-01Z-00-DX1.B4AFDB08-BA09-4F6E-806E-4054B790AB8E.pickle,0
/path/to/tcga-brca/pickles/TCGA-E2-A15R-01Z-00-DX1.B58D2D9D-05EE-4D66-8DC0-9E5C6AD2E3D3.pickle,0
/path/to/tcga-brca/pickles/TCGA-AN-A0AS-01Z-00-DX1.51E551E9-E5F4-4C94-9B25-71DA41109E92.pickle,0
/path/to/tcga-brca/pickles/TCGA-AR-A24Q-01Z-00-DX1.69DC7E35-DC0D-4F20-88DA-04C25F28628C.pickle,0
/path/to/tcga-brca/pickles/TCGA-A8-A09C-01Z-00-DX1.19E0C0E9-0ED6-4E3A-95FE-A5778F5DDBCD.pickle,0
/path/to/tcga-brca/pickles/TCGA-BH-A0HX-01Z-00-DX1.44EBA39E-383D-4820-915E-4E5FDA1D43DA.pickle,0
/path/to/tcga-brca/pickles/TCGA-A7-A13F-01Z-00-DX1.AB4ADDD3-8E1C-4AB9-813E-D137A2CFB950.pickle,0
/path/to/tcga-brca/pickles/TCGA-AR-A1AQ-01Z-00-DX1.09D5D7FC-0FA8-4176-94B2-995F44D8ED4C.pickle,0
/path/to/tcga-brca/pickles/TCGA-A7-A0DA-01Z-00-DX2.90C93176-C3C6-41B3-B34B-B16F1A1779E6.pickle,0
/path/to/tcga-brca/pickles/TCGA-BH-A0BG-01Z-00-DX1.0838FB7F-8C85-4687-9F70-D136A1063383.pickle,0
/path/to/tcga-brca/pickles/TCGA-EW-A1P1-01Z-00-DX1.4B670029-4B3B-4D76-8EA4-F4F29EEF9E37.pickle,0
/path/to/tcga-brca/pickles/TCGA-EW-A1PA-01Z-00-DX1.03B033F8-62C0-49E1-BDEA-C5217AB3460A.pickle,0
/path/to/tcga-brca/pickles/TCGA-B6-A1KC-01Z-00-DX1.4DD3E48B-F434-499F-9FF1-0FFD2883A375.pickle,0
/path/to/tcga-brca/pickles/TCGA-AR-A24P-01Z-00-DX1.08BE8830-C55E-4E2B-9378-371A670C75FD.pickle,0
/path/to/tcga-brca/pickles/TCGA-A7-A13D-01Z-00-DX1.D206783C-FA6A-4B6A-B3AA-4132A2C9626B.pickle,0
/path/to/tcga-brca/pickles/TCGA-AR-A1AX-01Z-00-DX1.2389D54F-545E-499E-B392-DD731834460A.pickle,0
/path/to/tcga-brca/pickles/TCGA-BH-A0E6-01Z-00-DX1.44DFEFB4-FA05-4246-8D6B-55BA8C3275DB.pickle,0
/path/to/tcga-brca/pickles/TCGA-C8-A1HO-01Z-00-DX1.0C702CEE-C373-4D00-A706-32206D41AC17.pickle,0
/path/to/tcga-brca/pickles/TCGA-D8-A1JM-01Z-00-DX1.3CD15BC8-08B3-4BEE-9FD7-A8BEED33268E.pickle,0
/path/to/tcga-brca/pickles/TCGA-BH-A0B0-01Z-00-DX1.316D35DB-7F13-4AE5-82A7-5716D2519669.pickle,0
/path/to/tcga-brca/pickles/TCGA-A8-A091-01Z-00-DX1.1F38CADB-A093-416E-A8A8-31E61CD730BA.pickle,0
/path/to/tcga-brca/pickles/TCGA-AQ-A04H-01Z-00-DX1.5AC1E459-EF27-401D-98FD-0AC16559AF17.pickle,0
/path/to/tcga-brca/pickles/TCGA-PL-A8LZ-01A-03-DX3.E5D16DBF-CABD-4C96-A794-5F27BC305055.pickle,0
/path/to/tcga-brca/pickles/TCGA-A7-A6VY-01Z-00-DX1.38D4EBD7-40B0-4EE3-960A-1F00E8F83ADB.pickle,0
/path/to/tcga-brca/pickles/TCGA-AR-A254-01Z-00-DX1.EA5CD008-1106-41EC-998A-04EF08EEEC9D.pickle,0
/path/to/tcga-brca/pickles/TCGA-B6-A0IB-01Z-00-DX1.BAA1D655-1B80-49E2-B1EB-2ECC83DED989.pickle,0
/path/to/tcga-brca/pickles/TCGA-C8-A12Y-01Z-00-DX1.A15CB3E2-E145-4C75-8FEA-1DD503CD7C20.pickle,0
/path/to/tcga-brca/pickles/TCGA-D8-A13Z-01Z-00-DX1.517140BB-D34C-42F8-952C-340EF16D382F.pickle,0
/path/to/tcga-brca/pickles/TCGA-AN-A0FK-01Z-00-DX1.8966A1D5-CE3A-4B08-A1F6-E613BEB1ABD1.pickle,0
/path/to/tcga-brca/pickles/TCGA-PL-A8LY-01A-01-DX1.32047D5E-8A42-480A-B2B8-A56B47B949FD.pickle,0
/path/to/tcga-brca/pickles/TCGA-B6-A1KI-01Z-00-DX1.EFAA08A8-02EC-4A9B-AC6B-79BF2DC5A2AA.pickle,0
/path/to/tcga-brca/pickles/TCGA-A2-A1G4-01Z-00-DX1.0274DF5B-5920-419A-B778-2F04D9C602F2.pickle,0
/path/to/tcga-brca/pickles/TCGA-BH-A0DZ-01Z-00-DX1.138BAEC2-589E-4960-B94E-DF48DDAA5490.pickle,0
/path/to/tcga-brca/pickles/TCGA-BH-A0DQ-01Z-00-DX1.5A98747C-52D9-45AD-BC84-934A96F069EB.pickle,0
/path/to/tcga-brca/pickles/TCGA-A1-A0SI-01Z-00-DX1.AB717348-F964-4F29-BBE2-972B7C640432.pickle,0
/path/to/tcga-brca/pickles/TCGA-S3-AA0Z-01Z-00-DX1.4D96156A-4067-41F2-90B8-41EF7ED794CF.pickle,0
/path/to/tcga-brca/pickles/TCGA-D8-A1Y2-01Z-00-DX1.77451A0F-00FD-44A9-A0D0-CB7A39CE74CC.pickle,0
/path/to/tcga-brca/pickles/TCGA-A8-A09E-01Z-00-DX1.239A8E03-49EA-4C29-AF86-FC1BD8A9DB20.pickle,0
/path/to/tcga-brca/pickles/TCGA-E2-A14Z-01Z-00-DX1.A1344A78-1842-4578-8CDE-921E50656891.pickle,0
/path/to/tcga-brca/pickles/TCGA-BH-A0AZ-01Z-00-DX1.E20051E8-DEEF-48E5-B519-40777DDBC96B.pickle,0
/path/to/tcga-brca/pickles/TCGA-A8-A07O-01Z-00-DX1.3D657129-F2A7-4BC1-A910-805FBDCE2212.pickle,0
/path/to/tcga-brca/pickles/TCGA-S3-AA15-01Z-00-DX2.915A4F90-25CB-4535-99C7-D0D0CFC90412.pickle,0
/path/to/tcga-brca/pickles/TCGA-B6-A0WT-01Z-00-DX1.7ED21DA2-A3D8-4DCA-9742-963879A658D8.pickle,0
/path/to/tcga-brca/pickles/TCGA-A7-A0CH-01Z-00-DX2.81DDF423-FCA8-46CA-83A4-2E80B611844D.pickle,0
/path/to/tcga-brca/pickles/TCGA-BH-A0EI-01Z-00-DX1.929E126A-C9F8-4240-BF00-B6C4A57B7FF6.pickle,0
/path/to/tcga-brca/pickles/TCGA-BH-A1EX-01Z-00-DX1.16B6A817-6729-446E-9FCF-A4A333C5295D.pickle,0
/path/to/tcga-brca/pickles/TCGA-BH-A0E1-01Z-00-DX1.257EB36A-1008-4890-927B-204EF05DBE90.pickle,0
/path/to/tcga-brca/pickles/TCGA-AR-A24W-01Z-00-DX1.0663B4A3-6475-4981-91F0-20D2C79CBF89.pickle,0
/path/to/tcga-brca/pickles/TCGA-B6-A0RN-01Z-00-DX1.0D02A3FB-D694-4A5B-80C1-CF1469E29BFD.pickle,0
/path/to/tcga-brca/pickles/TCGA-A7-A0D9-01Z-00-DX1.FBC3B90F-C58B-4476-8354-0AF9248324E3.pickle,0
/path/to/tcga-brca/pickles/TCGA-EW-A2FS-01Z-00-DX1.A01C9183-2AC8-456A-B5A6-85C5BB0361D8.pickle,0
/path/to/tcga-brca/pickles/TCGA-EW-A1PD-01Z-00-DX1.6F6A0122-A50B-4D00-9A3F-7A2502D44E38.pickle,0
/path/to/tcga-brca/pickles/TCGA-AC-A23H-01Z-00-DX1.8E0AE339-1047-4CA5-BFC5-37A3B10FD8B5.pickle,0
/path/to/tcga-brca/pickles/TCGA-A1-A0SP-01Z-00-DX1.20D689C6-EFA5-4694-BE76-24475A89ACC0.pickle,0
/path/to/tcga-brca/pickles/TCGA-EW-A1OX-01Z-00-DX1.9B19CBEE-E592-4A4D-839F-CECDCA20F4B1.pickle,0
/path/to/tcga-brca/pickles/TCGA-BH-A0DG-01Z-00-DX1.D3C4F57F-608F-46AA-A978-B558117C9DFB.pickle,0
/path/to/tcga-brca/pickles/TCGA-GM-A2DM-01Z-00-DX1.652038F4-C370-40EB-A545-51062783C74C.pickle,0
/path/to/tcga-brca/pickles/TCGA-B6-A0WZ-01Z-00-DX1.6CFB236E-36F5-43D6-8DE3-C4ECBD3C14C6.pickle,0
/path/to/tcga-brca/pickles/TCGA-AR-A24N-01Z-00-DX1.563E9160-9E09-4E3F-8CE9-FFED0AA52927.pickle,0
/path/to/tcga-brca/pickles/TCGA-AR-A1AV-01Z-00-DX1.93698893-7C5C-44C1-A488-ED358D523693.pickle,0
/path/to/tcga-brca/pickles/TCGA-AO-A1KR-01Z-00-DX1.BFB2E69B-E23C-4542-9CBF-EDD040B985AC.pickle,0
/path/to/tcga-brca/pickles/TCGA-EW-A1OY-01Z-00-DX1.42AF5C9A-A90F-4A58-B5D4-B615F8CD4333.pickle,0
/path/to/tcga-brca/pickles/TCGA-A2-A04U-01Z-00-DX1.06D17357-46A8-4DC3-A22B-2F4EB6EE3F79.pickle,0
/path/to/tcga-brca/pickles/TCGA-OL-A5D7-01Z-00-DX1.A4A45393-9AE1-4370-8B92-CB85CDB04934.pickle,0
/path/to/tcga-brca/pickles/TCGA-BH-A202-01Z-00-DX1.8CECDB74-5E6F-4CE8-B52C-A89E574F38FB.pickle,0
/path/to/tcga-brca/pickles/TCGA-OL-A5RV-01Z-00-DX1.920AC243-1DAC-4854-BEB6-1CBCC950F26B.pickle,0
/path/to/tcga-brca/pickles/TCGA-E2-A150-01Z-00-DX1.55643D23-83E6-4058-8EA5-18AAA8547839.pickle,0
/path/to/tcga-brca/pickles/TCGA-AO-A03N-01Z-00-DX1.79A8816D-961F-4D79-90B4-341919297A90.pickle,0
/path/to/tcga-brca/pickles/TCGA-A2-A1G1-01Z-00-DX1.E52A474F-DE13-41CF-94D4-D00BAC46ECF4.pickle,0
/path/to/tcga-brca/pickles/TCGA-E2-A105-01Z-00-DX1.192813F9-2D7B-40C7-88D9-BFA939D43FEE.pickle,0
/path/to/tcga-brca/pickles/TCGA-B6-A0RU-01Z-00-DX1.4977531C-6003-4DA6-9925-30E2DA62C076.pickle,0
/path/to/tcga-brca/pickles/TCGA-A8-A07Z-01Z-00-DX1.713945D9-6855-456D-87FB-EF8AF8980F51.pickle,0
/path/to/tcga-brca/pickles/TCGA-PL-A8LZ-01A-02-DX2.E2697718-12E1-4D7C-9ED8-0A71C6D855B8.pickle,0
/path/to/tcga-brca/pickles/TCGA-AR-A0U2-01Z-00-DX1.03E2ADD9-F20F-44DA-93D1-D10BBD3844A5.pickle,0
/path/to/tcga-brca/pickles/TCGA-AN-A0XL-01Z-00-DX1.E90AA056-51DC-4A6B-96EB-A0B707496912.pickle,0
/path/to/tcga-brca/pickles/TCGA-BH-A1FR-01Z-00-DX1.03E51FCD-DDF2-4924-827D-85A02280C9C7.pickle,0
/path/to/tcga-brca/pickles/TCGA-E2-A14T-01Z-00-DX1.61B4C988-6D75-447B-A5F4-9DE92CEACC9F.pickle,0
/path/to/tcga-brca/pickles/TCGA-BH-A0GY-01Z-00-DX1.E1AEAA36-94FA-41ED-851F-7BB11DD3C06D.pickle,0
/path/to/tcga-brca/pickles/TCGA-D8-A1XB-01Z-00-DX2.B262C269-F22B-4306-8195-079C0874EF8E.pickle,0
/path/to/tcga-brca/pickles/TCGA-E2-A1B6-01Z-00-DX1.8CD458BE-C4F9-4AF3-A927-18C042E9B4B7.pickle,0
/path/to/tcga-brca/pickles/TCGA-EW-A1P0-01Z-00-DX1.6C75EEBD-CE05-4DE2-8C43-8B6435F1379F.pickle,0
/path/to/tcga-brca/pickles/TCGA-E2-A9RU-01Z-00-DX1.A06BE284-B9DC-4B45-A202-A9D027AEEDD9.pickle,0
/path/to/tcga-brca/pickles/TCGA-AR-A1AP-01Z-00-DX1.F163EED5-0385-41AA-BA35-54E4910CD99E.pickle,0
/path/to/tcga-brca/pickles/TCGA-BH-A0BW-01Z-00-DX1.39B0C363-46A2-4FFB-B1C5-C054A86F4A25.pickle,0
/path/to/tcga-brca/pickles/TCGA-D8-A1XW-01Z-00-DX2.9849E503-BE3E-417C-ABE8-93A39583DDE0.pickle,0
/path/to/tcga-brca/pickles/TCGA-A2-A0SU-01Z-00-DX1.22420EE2-4FEB-42F3-9547-4739F0F73D50.pickle,0
/path/to/tcga-brca/pickles/TCGA-BH-A18R-01Z-00-DX1.07E6FA7F-5072-4327-9982-A40F010B7532.pickle,0
/path/to/tcga-brca/pickles/TCGA-AO-A0J6-01Z-00-DX1.D0C003CE-E112-4375-953D-78404C9D62DA.pickle,0
/path/to/tcga-brca/pickles/TCGA-AR-A0TY-01Z-00-DX1.089EB6B4-9921-441D-84F3-C64C97AFC3B4.pickle,0
/path/to/tcga-brca/pickles/TCGA-BH-A0RX-01Z-00-DX1.B4ABAFB9-6696-4F22-9468-DA56E1AD32D3.pickle,0
/path/to/tcga-brca/pickles/TCGA-E2-A159-01Z-00-DX1.C8DC3356-CAE9-4E7A-AEFF-ABB4BE38192B.pickle,0
/path/to/tcga-brca/pickles/TCGA-S3-AA14-01Z-00-DX1.000A865F-19E6-4018-9352-BFA54EF0CE31.pickle,0
/path/to/tcga-brca/pickles/TCGA-AR-A1AJ-01Z-00-DX1.34B9FCF0-74D8-4328-9B5A-698AD57EDA85.pickle,0
/path/to/tcga-brca/pickles/TCGA-C8-A12U-01Z-00-DX1.8E90FC9F-630E-4611-A5D2-D6F11DBE81EF.pickle,0
/path/to/tcga-brca/pickles/TCGA-A2-A0T3-01Z-00-DX1.5E96BC87-F4FB-4ABA-8D81-FAB7F4A80661.pickle,0
/path/to/tcga-brca/pickles/TCGA-BH-A0HO-01Z-00-DX1.D3D66547-F5D4-40F5-B737-2FECEEB35ACB.pickle,0
/path/to/tcga-brca/pickles/TCGA-D8-A1XB-01Z-00-DX1.DA8E2FA4-DBBA-4157-8052-B90FB3BB58F1.pickle,0
/path/to/tcga-brca/pickles/TCGA-GM-A3XL-01Z-00-DX1.CCE8AA1D-9194-4E49-9546-DBF25A35847C.pickle,0
/path/to/tcga-brca/pickles/TCGA-LL-A7T0-01Z-00-DX1.B03BBA63-ACF4-4BCA-9F2B-F631F0C6A25C.pickle,0
/path/to/tcga-brca/pickles/TCGA-AR-A24V-01Z-00-DX1.E749C2FE-E26B-4306-80B4-8269EEB23270.pickle,0
/path/to/tcga-brca/pickles/TCGA-C8-A132-01Z-00-DX1.6CCE1FE0-BB4B-4046-BAF0-43AA110B2EBE.pickle,0
/path/to/tcga-brca/pickles/TCGA-C8-A1HM-01Z-00-DX1.F93C3F56-3AA6-4D38-B51E-4694CBEA3830.pickle,0
/path/to/tcga-brca/pickles/TCGA-AR-A0U4-01Z-00-DX1.DE722DC5-859D-4866-ADCC-ED98EDBFB588.pickle,0
/path/to/tcga-brca/pickles/TCGA-A2-A0EY-01Z-00-DX1.2F2428B3-0767-48E0-AC22-443C244CBD16.pickle,0
/path/to/tcga-brca/pickles/TCGA-E9-A22D-01Z-00-DX1.b2867437-0add-4b7d-8002-fb09ed961942.pickle,0
/path/to/tcga-brca/pickles/TCGA-AC-A8OP-01Z-00-DX1.A2AF501D-7DCD-4BE7-93A4-EBCAF0C0D54E.pickle,0
/path/to/tcga-brca/pickles/TCGA-BH-A0HW-01Z-00-DX1.44DCCE00-133F-4469-A4DA-5057C011B4AC.pickle,0
/path/to/tcga-brca/pickles/TCGA-AR-A24L-01Z-00-DX1.218A0AE1-D070-4A16-A277-31185F10724D.pickle,0
/path/to/tcga-brca/pickles/TCGA-A8-A07W-01Z-00-DX1.5970CF33-D675-4AF4-800F-7182AA1A44A6.pickle,0
/path/to/tcga-brca/pickles/TCGA-D8-A27R-01Z-00-DX1.F6E2FD1C-0666-4788-8D95-A76D15907270.pickle,0
/path/to/tcga-brca/pickles/TCGA-D8-A1XQ-01Z-00-DX1.1A17A5C7-F14B-4AD2-AD5F-D3400D86A366.pickle,0
/path/to/tcga-brca/pickles/TCGA-E9-A1ND-01Z-00-DX1.5C2F5250-A3B2-4B97-9E11-56CF3C7CA2DB.pickle,0
/path/to/tcga-brca/pickles/TCGA-BH-A0W7-01Z-00-DX1.93F11232-A1FB-4682-B744-3531D4DF11AF.pickle,0
/path/to/tcga-brca/pickles/TCGA-BH-A1F6-01Z-00-DX1.E83F0DC0-EA2C-4641-81B0-8702B9C5D579.pickle,0
/path/to/tcga-brca/pickles/TCGA-PL-A8LY-01A-02-DX2.6F9520F1-3210-4A96-81C2-A14424F650D1.pickle,0
/path/to/tcga-brca/pickles/TCGA-AC-A8OQ-01Z-00-DX1.15946A44-711C-4765-AB46-5CFB7BD11E42.pickle,0
/path/to/tcga-brca/pickles/TCGA-A7-A4SE-01Z-00-DX1.16BC8401-E40E-4A1A-9BD9-12735C9AE3F6.pickle,0
/path/to/tcga-brca/pickles/TCGA-A8-A08X-01Z-00-DX1.01FB49CC-6B8E-4317-8C42-6B6D81187A40.pickle,0
/path/to/tcga-brca/pickles/TCGA-OL-A5RX-01Z-00-DX1.15A0D4F4-2744-4D44-8883-27FF83D9C824.pickle,0
/path/to/tcga-brca/pickles/TCGA-A2-A1G6-01Z-00-DX1.BCC3EC46-CEBF-4B37-BCF0-266D18170B54.pickle,0
/path/to/tcga-brca/pickles/TCGA-A8-A09I-01Z-00-DX1.B738E479-8766-4766-B012-B32AC2F27533.pickle,0
/path/to/tcga-brca/pickles/TCGA-AO-A129-01Z-00-DX1.BF485416-BF57-4F39-866B-4B1E201876FA.pickle,0
/path/to/tcga-brca/pickles/TCGA-AC-A6IW-01Z-00-DX1.C4514189-E64F-4603-8970-230FA2BB77FC.pickle,0
/path/to/tcga-brca/pickles/TCGA-5T-A9QA-01Z-00-DX1.B4212117-E0A7-4EF2-B324-8396042ACEC1.pickle,0
/path/to/tcga-brca/pickles/TCGA-BH-A0DS-01Z-00-DX1.38E82A1F-21B9-4B97-A304-15B886EA68A0.pickle,0
/path/to/tcga-brca/pickles/TCGA-BH-A1FM-01Z-00-DX1.860C5169-FE2B-43A6-A13D-E736374303DD.pickle,0
/path/to/tcga-brca/pickles/TCGA-AC-A2BM-01Z-00-DX1.162A9FA9-6E61-48BF-B0A5-C6C7640ABD9B.pickle,0
/path/to/tcga-brca/pickles/TCGA-AC-A5EH-01Z-00-DX1.DF59B26B-379F-4047-B7AE-4493810D30A0.pickle,0
/path/to/tcga-brca/pickles/TCGA-A7-A6VV-01Z-00-DX2.4C2BF8C1-CC84-4A6E-BC0F-430BC8BE6B26.pickle,0
/path/to/tcga-brca/pickles/TCGA-D8-A147-01Z-00-DX1.159094F2-BB78-4910-B7AE-3D7CAAB1DAD9.pickle,0
/path/to/tcga-brca/pickles/TCGA-D8-A1JT-01Z-00-DX2.8DB9BB5B-17F3-4D80-835D-872BA275FD3B.pickle,0
/path/to/tcga-brca/pickles/TCGA-A7-A6VX-01Z-00-DX1.F74DA243-C65A-4997-BCA0-F1C89675978C.pickle,0
/path/to/tcga-brca/pickles/TCGA-AR-A0TR-01Z-00-DX1.BBCE653F-7DD0-4830-BAD3-C06207A93853.pickle,0
/path/to/tcga-brca/pickles/TCGA-BH-A1FJ-01Z-00-DX1.BCED4CEF-2B33-45BA-ABC7-29BEE818F4A3.pickle,0
/path/to/tcga-brca/pickles/TCGA-E2-A10B-01Z-00-DX1.148CFC4B-EE65-4A7E-918F-10C72F37CB0F.pickle,0
/path/to/tcga-brca/pickles/TCGA-GM-A2DB-01Z-00-DX1.9EE36AA6-2594-44C7-B05C-91A0AEC7E511.pickle,0
/path/to/tcga-brca/pickles/TCGA-LL-A73Z-01Z-00-DX1.C010142E-29C0-411D-9E0E-4B7D8A4C09BF.pickle,0
/path/to/tcga-brca/pickles/TCGA-OL-A5S0-01Z-00-DX1.49A7AC9D-C186-406C-BA67-2D73DE82E13B.pickle,0
/path/to/tcga-brca/pickles/TCGA-BH-A0EA-01Z-00-DX1.85FF2B48-2AF7-4C15-A7E6-FCA68CAB76C7.pickle,0
/path/to/tcga-brca/pickles/TCGA-E2-A14W-01Z-00-DX1.2AF665A9-F582-4C41-B2B8-1982648CDEC7.pickle,0
/path/to/tcga-brca/pickles/TCGA-BH-A0W4-01Z-00-DX1.23E017DC-15CB-4838-AC91-CFB11B932AB0.pickle,0
/path/to/tcga-brca/pickles/TCGA-A2-A0EO-01Z-00-DX1.D7A09E23-2CAB-4B3B-814C-BF0BA75B7589.pickle,0
/path/to/tcga-brca/pickles/TCGA-B6-A0WY-01Z-00-DX1.FA103E02-3BDC-47DC-BA6E-59FCC58866D1.pickle,0
/path/to/tcga-brca/pickles/TCGA-AC-A7VB-01Z-00-DX1.62D7FDB3-280D-43B2-92EA-AB810384B0B7.pickle,0
/path/to/tcga-brca/pickles/TCGA-D8-A1JU-01Z-00-DX1.355D93B4-E69E-417C-B3D1-3E1AAF1E02FE.pickle,0
/path/to/tcga-brca/pickles/TCGA-OL-A5RW-01Z-00-DX1.E16DE8EE-31AF-4EAF-A85F-DB3E3E2C3BFF.pickle,0
/path/to/tcga-brca/pickles/TCGA-D8-A1Y1-01Z-00-DX2.B58DC955-F864-4E78-8B1A-8156E2F7D554.pickle,0
/path/to/tcga-brca/pickles/TCGA-A8-A06X-01Z-00-DX1.21F19EDD-ABCB-4398-B210-D795BB7A34E3.pickle,0
/path/to/tcga-brca/pickles/TCGA-BH-A0C0-01Z-00-DX1.2D32D35A-EB7E-4D0E-BE5F-E56F7B930463.pickle,0
/path/to/tcga-brca/pickles/TCGA-A2-A0CV-01Z-00-DX1.B02D017A-61CD-45FE-BB31-705CD127DDAB.pickle,0
/path/to/tcga-brca/pickles/TCGA-A1-A0SF-01Z-00-DX1.7F252D89-EA78-419F-A969-1B7313D77499.pickle,0
/path/to/tcga-brca/pickles/TCGA-AN-A0FJ-01Z-00-DX1.97B60767-916E-4938-9D0B-E6C0FE1CB3FC.pickle,0
/path/to/tcga-brca/pickles/TCGA-BH-A0C7-01Z-00-DX1.C70D358E-C48F-4F69-86CE-3218E9C95837.pickle,0
/path/to/tcga-brca/pickles/TCGA-B6-A0RG-01Z-00-DX1.C83D21A0-EC61-459C-9776-EA3D91469E72.pickle,0
/path/to/tcga-brca/pickles/TCGA-E2-A1IF-01Z-00-DX1.51F5B0AC-E4D6-439D-8168-34934471FA06.pickle,0
/path/to/tcga-brca/pickles/TCGA-C8-A12P-01Z-00-DX1.670B5DE8-07B0-4E4C-93FA-FA3DFFCCE50D.pickle,0
/path/to/tcga-brca/pickles/TCGA-AO-A0JF-01Z-00-DX1.3277D13C-F257-4D4C-AB5C-BEBA2E1A63D8.pickle,0
/path/to/tcga-brca/pickles/TCGA-C8-A130-01Z-00-DX1.F6810204-C35A-4461-A18A-0A117739B988.pickle,0
/path/to/tcga-brca/pickles/TCGA-E2-A15O-01Z-00-DX1.4D0F3975-93EA-4DC2-AD0C-A76A24C3AE0C.pickle,0
/path/to/tcga-brca/pickles/TCGA-A2-A0SW-01Z-00-DX1.E1EA0407-B831-4D75-826E-80B82B821797.pickle,0
/path/to/tcga-brca/pickles/TCGA-EW-A2FW-01Z-00-DX1.4F948681-81F3-46C5-A4E8-FDE8A4116F7A.pickle,0
/path/to/tcga-brca/pickles/TCGA-A7-A6VW-01Z-00-DX1.1BC4790C-DB45-4A3D-9C97-92C92C03FF60.pickle,0
/path/to/tcga-brca/pickles/TCGA-BH-A18N-01Z-00-DX1.FE0E24A1-8AE9-4021-B9C7-B408EE0DE329.pickle,0
/path/to/tcga-brca/pickles/TCGA-AO-A03V-01Z-00-DX1.52EBCB72-0C65-4E67-B9BB-DA15494327DE.pickle,0
/path/to/tcga-brca/pickles/TCGA-AO-A0JE-01Z-00-DX1.82D33053-E305-47D8-9B02-B55511EBB06D.pickle,0
/path/to/tcga-brca/pickles/TCGA-A7-A0CE-01Z-00-DX1.E67322FB-ED25-4B85-B3B0-2B8BD277BB4A.pickle,0
/path/to/tcga-brca/pickles/TCGA-E9-A1RF-01Z-00-DX1.ee37dfd4-1431-4e80-bd7e-3e1f878273e0.pickle,0
/path/to/tcga-brca/pickles/TCGA-AN-A0XT-01Z-00-DX1.882AF4CE-62A1-4808-9B4B-780066E5E602.pickle,0
/path/to/tcga-brca/pickles/TCGA-BH-A0H0-01Z-00-DX1.B3B394DD-1F4E-42CA-BB51-C002E423B3D0.pickle,0
/path/to/tcga-brca/pickles/TCGA-AN-A0FY-01Z-00-DX1.25F5E2A1-F92C-4FE1-BD90-0CDDE50DC066.pickle,0
/path/to/tcga-brca/pickles/TCGA-D8-A1Y0-01Z-00-DX1.10F40197-4174-43CC-AAD3-8CB85154FB2D.pickle,0
/path/to/tcga-brca/pickles/TCGA-D8-A27F-01Z-00-DX1.C1A87F27-49F1-46BA-B2E2-A89293F7FD0C.pickle,0
/path/to/tcga-brca/pickles/TCGA-A7-A26I-01Z-00-DX1.0077D012-BC14-4E96-84F7-A1A6A3A778DF.pickle,0
/path/to/tcga-brca/pickles/TCGA-AO-A0J3-01Z-00-DX1.8F28BFC8-D37E-425F-A9E3-4C23F083237C.pickle,0
/path/to/tcga-brca/pickles/TCGA-A8-A09D-01Z-00-DX1.66312A8A-88BA-4B58-96DF-1A7AC39F9E4A.pickle,0
/path/to/tcga-brca/pickles/TCGA-BH-A0B6-01Z-00-DX1.4D982935-F600-4F37-ABB5-13AF74F4FDC4.pickle,0
/path/to/tcga-brca/pickles/TCGA-WT-AB41-01Z-00-DX1.75BDFDF2-CD87-46D1-B32C-725741CB02BE.pickle,0
/path/to/tcga-brca/pickles/TCGA-BH-A204-01Z-00-DX1.9DCE8242-E862-45AB-9452-D7299110973F.pickle,0
/path/to/tcga-brca/pickles/TCGA-A2-A3Y0-01Z-00-DX1.A1EDDF82-FFAA-44A4-A749-7FB6F8133CC0.pickle,0
/path/to/tcga-brca/pickles/TCGA-D8-A1XR-01Z-00-DX1.7F443346-C564-47B6-9736-6944230CAF46.pickle,0
/path/to/tcga-brca/pickles/TCGA-D8-A1XW-01Z-00-DX1.10187A1F-086B-4CD9-AC01-ADA2E435CD34.pickle,0
/path/to/tcga-brca/pickles/TCGA-E2-A10A-01Z-00-DX1.98B19EF1-0DAE-4DC6-8B0E-963CFABC6724.pickle,0
/path/to/tcga-brca/pickles/TCGA-A2-A0D3-01Z-00-DX1.D18CE1C0-291D-41C1-8F71-2A0551F8C661.pickle,0
/path/to/tcga-brca/pickles/TCGA-OL-A5RZ-01Z-00-DX1.6394C05E-1C34-4F4B-8859-F5E961E7EFF9.pickle,0
/path/to/tcga-brca/pickles/TCGA-A7-A0CJ-01Z-00-DX1.E26F2F62-D688-4373-BB7B-790A06734E49.pickle,0
/path/to/tcga-brca/pickles/TCGA-BH-A208-01Z-00-DX1.C7A2885D-0535-4506-B06E-82BC62D6DFE9.pickle,0
/path/to/tcga-brca/pickles/TCGA-A8-A08G-01Z-00-DX1.C3BB7FEC-91B7-4B45-8DFC-36CABCC0FD57.pickle,0
/path/to/tcga-brca/pickles/TCGA-S3-AA10-01Z-00-DX1.C0468882-0DD8-4FC5-8C2F-E18BE8000F69.pickle,0
/path/to/tcga-brca/pickles/TCGA-E2-A1IG-01Z-00-DX1.C894EEA1-708A-4043-8C60-3BCA98AA751E.pickle,0
/path/to/tcga-brca/pickles/TCGA-EW-A6SD-01Z-00-DX1.32D8240E-2076-492B-BB95-300A9FCA96E7.pickle,0
/path/to/tcga-brca/pickles/TCGA-BH-A5IZ-01Z-00-DX1.6C871030-82E1-463E-A67B-976A5F3DCDB2.pickle,0
/path/to/tcga-brca/pickles/TCGA-C8-A27B-01Z-00-DX1.5A8A14E8-6430-4147-9C71-805024E098CB.pickle,0
/path/to/tcga-brca/pickles/TCGA-E2-A153-01Z-00-DX1.CA994467-E541-4131-A9FC-DCD9944F29C4.pickle,0
/path/to/tcga-brca/pickles/TCGA-LD-A9QF-01Z-00-DX1.092108DF-1A60-459E-ACE6-5A71826A98D1.pickle,0
/path/to/tcga-brca/pickles/TCGA-E2-A158-01Z-00-DX1.994C60FE-E651-4224-95E7-4669834F2338.pickle,0
/path/to/tcga-brca/pickles/TCGA-E9-A1RB-01Z-00-DX1.845074ea-43bc-4752-9dc0-fca72d2ab5de.pickle,0
/path/to/tcga-brca/pickles/TCGA-BH-A0DH-01Z-00-DX1.968AA1FD-068C-4B90-8C95-85BF2EFC3E3F.pickle,0
/path/to/tcga-brca/pickles/TCGA-D8-A27N-01Z-00-DX1.85613A4F-1FFB-4091-B925-8E8A7C7A6D95.pickle,0
/path/to/tcga-brca/pickles/TCGA-A2-A0CX-01Z-00-DX1.F07C75AB-E568-45CB-B497-37C712490393.pickle,0
/path/to/tcga-brca/pickles/TCGA-C8-A12Z-01Z-00-DX1.22616420-7C80-42DE-9C44-0F00327681C6.pickle,0
/path/to/tcga-brca/pickles/TCGA-EW-A6SB-01Z-00-DX1.D56E1922-01A9-4AEE-AB95-D69447DD13EE.pickle,0
/path/to/tcga-brca/pickles/TCGA-A2-A0CU-01Z-00-DX1.5B77D21C-A497-478B-9752-3730322AD9ED.pickle,0
/path/to/tcga-brca/pickles/TCGA-BH-A201-01Z-00-DX1.6D6E3224-50A0-45A2-B231-EEF27CA7EFD2.pickle,0
/path/to/tcga-brca/pickles/TCGA-3C-AALI-01Z-00-DX2.CF4496E0-AB52-4F3E-BDF5-C34833B91B7C.pickle,0
/path/to/tcga-brca/pickles/TCGA-D8-A1XJ-01Z-00-DX1.660DDF8D-6816-4EBE-AF37-6F7A374F4E9E.pickle,0
/path/to/tcga-brca/pickles/TCGA-AR-A24Z-01Z-00-DX1.C88AFF18-A8E4-426A-BEA3-70566DE39C46.pickle,0
/path/to/tcga-brca/pickles/TCGA-OL-A66P-01Z-00-DX1.5ADD0D6D-37C6-4BC9-8C2B-64DB18BE99B3.pickle,0
/path/to/tcga-brca/pickles/TCGA-A2-A0SV-01Z-00-DX1.F5645E47-3540-4753-AF5D-F5709BD8DFC1.pickle,0
/path/to/tcga-brca/pickles/TCGA-A2-A0T5-01Z-00-DX1.128C288B-B357-439B-A8D4-8E7DEBF73E4E.pickle,0
/path/to/tcga-brca/pickles/TCGA-AR-A1AR-01Z-00-DX1.E7B7F6F0-9CC0-4D4F-8C9F-443A74D2BE40.pickle,0
/path/to/tcga-brca/pickles/TCGA-BH-A0B4-01Z-00-DX1.A2CB0BF4-32F9-48FD-9B96-A744013BADDB.pickle,0
/path/to/tcga-brca/pickles/TCGA-D8-A1JG-01Z-00-DX1.BA6D5CC7-3A9B-4D17-A86A-B159D345A216.pickle,0
/path/to/tcga-brca/pickles/TCGA-B6-A0IC-01Z-00-DX1.60ED7BBF-A448-4E4E-80F9-91527A697588.pickle,0
/path/to/tcga-brca/pickles/TCGA-C8-A1HI-01Z-00-DX1.C6D0F8B8-55ED-477F-BAF7-AA05D0449CC8.pickle,0
/path/to/tcga-brca/pickles/TCGA-A2-A0YE-01Z-00-DX1.8A2E3094-5755-42BC-969D-7F0A2ECA0F39.pickle,0
/path/to/tcga-brca/pickles/TCGA-E2-A156-01Z-00-DX1.CEF32B4D-A676-4230-992D-45A046E4043A.pickle,0
/path/to/tcga-brca/pickles/TCGA-E2-A1LA-01Z-00-DX1.AE49E943-B830-4ED9-B09E-E499441BC2EC.pickle,0
/path/to/tcga-brca/pickles/TCGA-A8-A084-01Z-00-DX1.2B52D1B8-5AD4-4BD6-ADF7-9D65B8EE2621.pickle,0
/path/to/tcga-brca/pickles/TCGA-BH-A0AU-01Z-00-DX1.E852F218-B15C-4CF8-8FD0-F284043834C4.pickle,0
/path/to/tcga-brca/pickles/TCGA-E9-A1RD-01Z-00-DX1.34083668-cbd2-4610-b857-d50ee9f3e5bd.pickle,0
/path/to/tcga-brca/pickles/TCGA-BH-A1EY-01Z-00-DX1.25C3DE1F-C702-4959-8DFA-69EF78AD9307.pickle,0
/path/to/tcga-brca/pickles/TCGA-AC-A6NO-01Z-00-DX1.61B7F48C-6D6E-4C1B-B236-DD130ECBDA9D.pickle,0
/path/to/tcga-brca/pickles/TCGA-AN-A0XU-01Z-00-DX1.6B0DD0FF-A20D-4BA2-8D48-FC357BA5313F.pickle,0
/path/to/tcga-brca/pickles/TCGA-E2-A154-01Z-00-DX1.01FC9B1A-8ECD-4467-9EDD-0B02E4AEEF72.pickle,0
/path/to/tcga-brca/pickles/TCGA-BH-A0BP-01Z-00-DX1.63A87C1D-87FA-494D-9836-74290B5DC30D.pickle,0
/path/to/tcga-brca/pickles/TCGA-A7-A5ZW-01Z-00-DX1.5F571EE3-A1A3-4604-BE89-1A46E0EC508B.pickle,0
/path/to/tcga-brca/pickles/TCGA-A2-A259-01Z-00-DX1.7289CD72-CB74-41D4-B4AC-4EA5FDFEC666.pickle,0
/path/to/tcga-brca/pickles/TCGA-S3-AA17-01Z-00-DX1.9B7DC02E-ECB2-4403-A894-F418AD452E49.pickle,0
/path/to/tcga-brca/pickles/TCGA-A2-A0YH-01Z-00-DX1.FBA5E711-8275-45B3-BC20-5A786EE23548.pickle,0
/path/to/tcga-brca/pickles/TCGA-E2-A15J-01Z-00-DX1.BF7901D1-30B1-4A76-B0A5-E9B8B36EF4C9.pickle,0
/path/to/tcga-brca/pickles/TCGA-BH-A0EB-01Z-00-DX1.70D7BBA0-214D-4D1A-933C-7CFCDA5416A3.pickle,0
/path/to/tcga-brca/pickles/TCGA-A2-A0YF-01Z-00-DX1.6166E995-0669-43D6-B9C7-FE39BCE529CF.pickle,0
/path/to/tcga-brca/pickles/TCGA-AO-A0J7-01Z-00-DX1.DBA7BA24-CEEF-4636-87BB-D12D8DF016A3.pickle,0
/path/to/tcga-brca/pickles/TCGA-BH-A1FE-01Z-00-DX1.8FB57ECF-350B-44E4-8612-63E8374D3C4B.pickle,0
/path/to/tcga-brca/pickles/TCGA-LL-A5YO-01Z-00-DX1.B5B6DFDB-1020-41FF-AA50-9C633E17DE5F.pickle,0
/path/to/tcga-brca/pickles/TCGA-E2-A155-01Z-00-DX1.A5AF232A-61BB-4FDC-ABF9-2FE9BA461BDC.pickle,0
/path/to/tcga-brca/pickles/TCGA-AO-A0JD-01Z-00-DX1.52E3DCE8-32E3-45C0-AB54-7FA0A2F3F722.pickle,0
/path/to/tcga-brca/pickles/TCGA-B6-A0WS-01Z-00-DX1.020ED7BF-9497-4F13-AA07-FE0E839F9A06.pickle,0
/path/to/tcga-brca/pickles/TCGA-E2-A1LL-01Z-00-DX1.D1AA1613-902C-4579-9612-48A76042B0AE.pickle,0
/path/to/tcga-brca/pickles/TCGA-EW-A1P3-01Z-00-DX1.EF69B964-57D6-4F8E-A183-A3022AF6E835.pickle,0
/path/to/tcga-brca/pickles/TCGA-EW-A1IY-01Z-00-DX1.3FD00274-C2CD-491A-915B-23FD535A4723.pickle,0
/path/to/tcga-brca/pickles/TCGA-BH-A18U-01Z-00-DX1.63940315-59BC-462B-87A8-2BBB33C9503E.pickle,0
/path/to/tcga-brca/pickles/TCGA-C8-A12Q-01Z-00-DX1.CE74E5B7-FD30-4CBE-8716-ECCF2213AAC3.pickle,0
/path/to/tcga-brca/pickles/TCGA-OL-A5RU-01Z-00-DX1.A48CAF2D-9310-4611-B27D-400F3A324607.pickle,0
/path/to/tcga-brca/pickles/TCGA-BH-A0W5-01Z-00-DX1.84EA3913-667B-4694-A0F0-E629CAC615C8.pickle,0
/path/to/tcga-brca/pickles/TCGA-A2-A0CS-01Z-00-DX1.3986B545-63E8-4727-BCC1-701DE947D1FB.pickle,0
/path/to/tcga-brca/pickles/TCGA-BH-A0BJ-01Z-00-DX1.77BE9A20-3D23-4650-843A-0483BF9DD07B.pickle,0
/path/to/tcga-brca/pickles/TCGA-A2-A0ER-01Z-00-DX1.18123C1B-A0CC-4957-9373-5FFAB985C2E8.pickle,0
/path/to/tcga-brca/pickles/TCGA-A7-A0DA-01Z-00-DX1.5F087009-16E9-4A07-BA24-62340E108B17.pickle,0
/path/to/tcga-brca/pickles/TCGA-BH-A1FG-01Z-00-DX1.DA665FB6-9DD9-4B18-A925-2EFD9BC4C43B.pickle,0
/path/to/tcga-brca/pickles/TCGA-GM-A2DA-01Z-00-DX1.6E409F88-F654-48C8-A753-BB054037BE16.pickle,0
/path/to/tcga-brca/pickles/TCGA-AN-A0AT-01Z-00-DX1.DFD68CD2-C25E-47BE-BC06-8CE3C657B9FD.pickle,0
/path/to/tcga-brca/pickles/TCGA-B6-A0RO-01Z-00-DX1.3ADBFF05-92CE-41B5-BD49-CB3CE5B74CC9.pickle,0
/path/to/tcga-brca/pickles/TCGA-BH-A0HY-01Z-00-DX1.D7A1BF42-F268-4220-B71B-354CE2AF32D8.pickle,0
/path/to/tcga-brca/pickles/TCGA-AC-A2BK-01Z-00-DX1.A3A1F275-9CDC-48BA-BB81-BCA6F02ACA94.pickle,0
/path/to/tcga-brca/pickles/TCGA-AR-A0TZ-01Z-00-DX1.2D58BE38-03F6-4310-8E06-F1A523FB0904.pickle,0
/path/to/tcga-brca/pickles/TCGA-D8-A1XF-01Z-00-DX2.1460E522-5B87-4690-8B6B-3183C5D282D6.pickle,0
/path/to/tcga-brca/pickles/TCGA-B6-A0RQ-01Z-00-DX1.68B4F49D-9F81-4501-BC66-0349012077C8.pickle,1
/path/to/tcga-brca/pickles/TCGA-XX-A89A-01Z-00-DX1.671E2AD6-4D1A-4579-88C1-5B0B15818126.pickle,1
/path/to/tcga-brca/pickles/TCGA-E2-A1LG-01Z-00-DX1.8ff0fdd8-e5d5-4ff8-8707-4a760aaa5d36.pickle,1
/path/to/tcga-brca/pickles/TCGA-GM-A3NW-01Z-00-DX1.3B0324F0-4007-4390-AF26-3789A50684E5.pickle,1
/path/to/tcga-brca/pickles/TCGA-PE-A5DE-01Z-00-DX1.88B354F2-5485-44AA-A057-89E40B988F69.pickle,1
/path/to/tcga-brca/pickles/TCGA-E9-A54Y-01Z-00-DX1.5FD70369-6514-4E5E-8BEF-65DAC5671E1A.pickle,1
/path/to/tcga-brca/pickles/TCGA-AR-A2LH-01Z-00-DX1.40D4FD67-FB13-46D9-A202-56A5791EA11C.pickle,1
/path/to/tcga-brca/pickles/TCGA-LD-A66U-01Z-00-DX1.AEC25C62-0519-47ED-A85B-2A964BA2BA87.pickle,1
/path/to/tcga-brca/pickles/TCGA-AR-A1AK-01Z-00-DX1.0AFFA0B5-D1A6-43E9-892A-7CB16A79E5F9.pickle,1
/path/to/tcga-brca/pickles/TCGA-AC-A3W5-01Z-00-DX1.522F702C-776E-45F1-84D3-1648DF04137C.pickle,1
/path/to/tcga-brca/pickles/TCGA-AO-A0J9-01Z-00-DX1.E37C342B-9B6A-4BEE-B064-A82C3579CC66.pickle,1
/path/to/tcga-brca/pickles/TCGA-AC-A2FK-01Z-00-DX1.033F3C27-9860-4EF3-9330-37DE5EC45724.pickle,1
/path/to/tcga-brca/pickles/TCGA-PE-A5DD-01Z-00-DX1.E1EF11EC-B87B-49DE-A544-2E162F9AE789.pickle,1
/path/to/tcga-brca/pickles/TCGA-BH-A42U-01Z-00-DX1.130D060A-3DD8-407E-B8B0-EBBF743491AE.pickle,1
/path/to/tcga-brca/pickles/TCGA-AC-A3YI-01Z-00-DX1.321C0A32-ABF9-48ED-8071-C6B1774E9F7B.pickle,1
/path/to/tcga-brca/pickles/TCGA-E2-A1IH-01Z-00-DX1.816F0C54-D87E-4E23-891B-98169F5B439B.pickle,1
/path/to/tcga-brca/pickles/TCGA-AR-A5QN-01Z-00-DX1.BF92AA24-3D44-4FFA-BCC0-CDB934EC3BBC.pickle,1
/path/to/tcga-brca/pickles/TCGA-C8-A3M7-01Z-00-DX1.846C75F1-2E7E-44F7-B21F-C246141558FA.pickle,1
/path/to/tcga-brca/pickles/TCGA-EW-A1IW-01Z-00-DX1.0DE87057-951F-4887-A2D5-485736D66E4E.pickle,1
/path/to/tcga-brca/pickles/TCGA-A7-A26E-01Z-00-DX1.BA4A7E28-0563-4C23-82D0-AB34A2E79AE3.pickle,1
/path/to/tcga-brca/pickles/TCGA-W8-A86G-01Z-00-DX2.DEC2CC1C-3662-43C6-A5CB-EC94B343FA3D.pickle,1
/path/to/tcga-brca/pickles/TCGA-AC-A2FB-01Z-00-DX1.A4D93E32-BBD7-45E4-8ACF-3724B059ECBC.pickle,1
/path/to/tcga-brca/pickles/TCGA-AC-A2FG-01Z-00-DX1.0F13DE40-9F7A-42C6-AB3D-02E8521B690A.pickle,1
/path/to/tcga-brca/pickles/TCGA-D8-A27T-01Z-00-DX1.1E3A4D57-9CF2-4EBF-B74D-ADD7BD8CBFA5.pickle,1
/path/to/tcga-brca/pickles/TCGA-LL-A440-01Z-00-DX1.6E031FD6-236C-49FA-B920-4CB120C59037.pickle,1
/path/to/tcga-brca/pickles/TCGA-A2-A1FV-01Z-00-DX1.F70ACD9A-7819-4296-BD28-4D24BBA8AFF4.pickle,1
/path/to/tcga-brca/pickles/TCGA-EW-A1J3-01Z-00-DX1.F736F6F4-0859-439A-A417-98B520C8D65A.pickle,1
/path/to/tcga-brca/pickles/TCGA-D8-A27V-01Z-00-DX1.F937C53B-0B55-4271-843E-2C28F72CF28E.pickle,1
/path/to/tcga-brca/pickles/TCGA-E2-A2P6-01Z-00-DX1.9D8060AA-881F-49FF-AEF5-B40A3625A44A.pickle,1
/path/to/tcga-brca/pickles/TCGA-A2-A0YD-01Z-00-DX1.B81FF541-F154-4C49-950B-B6CB723369E2.pickle,1
/path/to/tcga-brca/pickles/TCGA-XX-A899-01Z-00-DX1.08FE27B7-73B8-4CE3-ACF4-0689C81C140B.pickle,1
/path/to/tcga-brca/pickles/TCGA-EW-A423-01Z-00-DX1.31502D62-9C83-4A9C-9682-05A185486EAA.pickle,1
/path/to/tcga-brca/pickles/TCGA-E2-A1IJ-01Z-00-DX1.00093877-7B01-42D3-857C-987BC1F604A3.pickle,1
/path/to/tcga-brca/pickles/TCGA-B6-A2IU-01Z-00-DX1.3C7DF701-4ED9-4989-AA63-A6B7B105F6EE.pickle,1
/path/to/tcga-brca/pickles/TCGA-AO-A0JJ-01Z-00-DX1.D5B636F5-1B47-4033-9938-9DC8CD48CEE9.pickle,1
/path/to/tcga-brca/pickles/TCGA-LL-A6FP-01Z-00-DX1.6261398A-7288-4924-BBE2-FC1949256E40.pickle,1
/path/to/tcga-brca/pickles/TCGA-AR-A5QP-01Z-00-DX1.256FDB13-1F81-42DA-AF6E-8A94835550C1.pickle,1
/path/to/tcga-brca/pickles/TCGA-A2-A4S2-01Z-00-DX1.D779B63B-8817-43F1-A8F4-236C82DB78F8.pickle,1
/path/to/tcga-brca/pickles/TCGA-AC-A6IX-01Z-00-DX1.45B63C4F-9DC3-4CED-9DF9-0F86E647BEA3.pickle,1
/path/to/tcga-brca/pickles/TCGA-AC-A3QP-01Z-00-DX1.4B97E53E-1069-40C5-A062-C988663B37DD.pickle,1
/path/to/tcga-brca/pickles/TCGA-D8-A27G-01Z-00-DX1.04FCF306-67AA-4F56-AE90-44A4F5DD56D4.pickle,1
/path/to/tcga-brca/pickles/TCGA-E9-A2JS-01Z-00-DX1.445BA2F8-3A4A-49D2-8D41-4ACFD32F2074.pickle,1
/path/to/tcga-brca/pickles/TCGA-OK-A5Q2-01Z-00-DX3.5F9215C3-E407-46F8-968E-503D7D14605C.pickle,1
/path/to/tcga-brca/pickles/TCGA-AR-A2LL-01Z-00-DX1.F0AF890C-2B34-4758-A929-58AAFF593EC5.pickle,1
/path/to/tcga-brca/pickles/TCGA-D8-A27V-01Z-00-DX2.81E4FFDF-7123-4AC3-BE24-A82564A6C34C.pickle,1
/path/to/tcga-brca/pickles/TCGA-WT-AB44-01Z-00-DX1.B6ECEA7C-DA26-4B34-88CE-6834631DFA35.pickle,1
/path/to/tcga-brca/pickles/TCGA-GM-A2DO-01Z-00-DX1.60817A51-93B7-483D-ABC9-8ED6341C6660.pickle,1
/path/to/tcga-brca/pickles/TCGA-AC-A8OS-01Z-00-DX1.3FD44846-8BD2-4A7A-9A87-8D3D29C25F60.pickle,1
/path/to/tcga-brca/pickles/TCGA-A2-A0CR-01Z-00-DX1.F7D36CA5-A4C6-443A-AEED-5B23CD924FA3.pickle,1
/path/to/tcga-brca/pickles/TCGA-A7-A5ZX-01Z-00-DX1.A4C651F0-DB8E-4534-84A2-AD875F62209F.pickle,1
/path/to/tcga-brca/pickles/TCGA-OL-A5DA-01Z-00-DX1.1B1E9CC4-7B42-43BB-A1D7-A26F1D1F8557.pickle,1
/path/to/tcga-brca/pickles/TCGA-OL-A66K-01Z-00-DX1.C1DC85F1-4FAE-4411-9886-11DCB5E70CC3.pickle,1
/path/to/tcga-brca/pickles/TCGA-A8-A09W-01Z-00-DX1.BF33B0F9-5786-4682-B59E-DCBD33D7BB03.pickle,1
/path/to/tcga-brca/pickles/TCGA-A2-A0EP-01Z-00-DX1.1180C406-5C18-4373-8621-1B7B70875113.pickle,1
/path/to/tcga-brca/pickles/TCGA-BH-A2L8-01Z-00-DX1.ACA51CA9-3C38-48A6-B4A9-C12FFAB9AB56.pickle,1
/path/to/tcga-brca/pickles/TCGA-LD-A7W6-01Z-00-DX1.3E125146-B447-4973-AE09-6D374970B46C.pickle,1
/path/to/tcga-brca/pickles/TCGA-AC-A2FO-01Z-00-DX1.46929316-D7ED-4D69-B068-409BFFBCEC4D.pickle,1
/path/to/tcga-brca/pickles/TCGA-AC-A3HN-01Z-00-DX1.1AA71B9B-1B61-41A9-91CF-B7649DEC189E.pickle,1
/path/to/tcga-brca/pickles/TCGA-AQ-A7U7-01Z-00-DX1.AB5629A1-399E-402B-AD3D-DAF9F97D8300.pickle,1
/path/to/tcga-brca/pickles/TCGA-BH-A0DP-01Z-00-DX1.5550557D-4E5B-4B57-8C1E-9290A7AA32A9.pickle,1
/path/to/tcga-brca/pickles/TCGA-OL-A6VQ-01Z-00-DX1.E3B81163-0239-47C3-B53F-064405B58685.pickle,1
/path/to/tcga-brca/pickles/TCGA-C8-A8HR-01Z-00-DX1.8E841CA8-1CE2-4242-AC5A-3247075CF8F4.pickle,1
/path/to/tcga-brca/pickles/TCGA-AC-A5XS-01Z-00-DX1.E5F2481E-9314-4B20-84B7-370EF82AF4BB.pickle,1
/path/to/tcga-brca/pickles/TCGA-E9-A1N4-01Z-00-DX1.71c8d4a5-ec99-4012-9fe2-ddb3349ad5bc.pickle,1
/path/to/tcga-brca/pickles/TCGA-E2-A15M-01Z-00-DX1.6E4671E5-18EA-4464-BE7C-C94767136E5C.pickle,1
/path/to/tcga-brca/pickles/TCGA-A2-A0T6-01Z-00-DX1.207A3883-5B41-40EB-95A1-D64C9610650B.pickle,1
/path/to/tcga-brca/pickles/TCGA-EW-A1IX-01Z-00-DX1.72AE0E0F-B213-454F-8275-76A7C43FAB86.pickle,1
/path/to/tcga-brca/pickles/TCGA-BH-A0B5-01Z-00-DX1.742DB0E8-8EB1-47C8-B698-8E2438FB6299.pickle,1
/path/to/tcga-brca/pickles/TCGA-EW-A423-01Z-00-DX2.5EF1CF39-600A-4ED3-A5A2-AF4435A5F8B5.pickle,1
/path/to/tcga-brca/pickles/TCGA-HN-A2NL-01Z-00-DX1.C2EAF378-4B37-4C1C-BB0F-18FAC62EEC13.pickle,1
/path/to/tcga-brca/pickles/TCGA-AR-A1AL-01Z-00-DX1.0970370F-6D4B-449A-AF33-76355DD99F91.pickle,1
/path/to/tcga-brca/pickles/TCGA-E9-A3HO-01Z-00-DX1.8C897764-4CD4-40DE-9F8B-7F1BE5FF89C7.pickle,1
/path/to/tcga-brca/pickles/TCGA-E9-A295-01Z-00-DX1.ED6CC024-56E7-45A9-B41F-F84550A899F7.pickle,1
/path/to/tcga-brca/pickles/TCGA-E2-A1L8-01Z-00-DX1.842BF73D-2D64-4ABA-880D-DBE8F4C2AA19.pickle,1
/path/to/tcga-brca/pickles/TCGA-A8-A0A7-01Z-00-DX1.A0FD4EEF-B536-47C1-BDA1-7AC71BA3E978.pickle,1
/path/to/tcga-brca/pickles/TCGA-AR-A24H-01Z-00-DX1.5CFC7E16-3F38-4531-968C-A4E4C9D00659.pickle,1
/path/to/tcga-brca/pickles/TCGA-AO-A1KO-01Z-00-DX1.EEB5E0A0-92B2-42CD-9F7A-00E9250B561F.pickle,1
/path/to/tcga-brca/pickles/TCGA-LD-A74U-01Z-00-DX1.F3C1EBBB-4AED-49A9-A8D2-B6145E162BE4.pickle,1
/path/to/tcga-brca/pickles/TCGA-A2-A0CK-01Z-00-DX1.C3226BD1-11B0-4034-946A-BAB42958CE85.pickle,1
/path/to/tcga-brca/pickles/TCGA-E9-A3X8-01Z-00-DX1.D1532F80-F5F8-47AF-8A1B-B59E345F5D70.pickle,1
/path/to/tcga-brca/pickles/TCGA-B6-A0IH-01Z-00-DX1.3463B12E-D1B0-4FB2-B257-BFD63BA2B6BF.pickle,1
/path/to/tcga-brca/pickles/TCGA-A2-A0EW-01Z-00-DX1.F24495CB-63D8-483F-9834-F761E3F16BF0.pickle,1
/path/to/tcga-brca/pickles/TCGA-AC-A4ZE-01Z-00-DX1.A9BB4DBC-4314-4A77-AA1C-0882DBC370F1.pickle,1
/path/to/tcga-brca/pickles/TCGA-AC-A2FF-01Z-00-DX1.012DAC86-E05C-44FA-81C2-FE4C754F409C.pickle,1
/path/to/tcga-brca/pickles/TCGA-BH-A28Q-01Z-00-DX1.C6D1CA93-6B2A-4722-9270-5D56592D833D.pickle,1
/path/to/tcga-brca/pickles/TCGA-HN-A2OB-01Z-00-DX1.14F1FBFB-4540-43CE-9D79-5BC628640424.pickle,1
/path/to/tcga-brca/pickles/TCGA-GM-A4E0-01Z-00-DX1.55A5D765-AA35-4052-9185-6872B580F0F6.pickle,1
/path/to/tcga-brca/pickles/TCGA-A2-A0ES-01Z-00-DX1.5652EE30-48C1-4EC1-AD77-8C72DFCB9A97.pickle,1
/path/to/tcga-brca/pickles/TCGA-E9-A6HE-01Z-00-DX1.97514DBA-9BC0-4554-9A43-99C48C6B953A.pickle,1
/path/to/tcga-brca/pickles/TCGA-D8-A3Z6-01Z-00-DX3.66566DB7-661D-4002-90C1-B15BF3425903.pickle,1
/path/to/tcga-brca/pickles/TCGA-E2-A107-01Z-00-DX1.3BFCCC24-7286-488D-A9E9-98E498AD0767.pickle,1
/path/to/tcga-brca/pickles/TCGA-EW-A6SC-01Z-00-DX1.C2D50E7C-3AD0-4038-9A1C-CAE54A3FBE2F.pickle,1
/path/to/tcga-brca/pickles/TCGA-EW-A1PG-01Z-00-DX1.A31B2048-D04D-467C-A9E4-6A63942A58C6.pickle,1
/path/to/tcga-brca/pickles/TCGA-A2-A0YK-01Z-00-DX1.FB23FC30-B3B2-452A-A6B0-94129B333207.pickle,1
/path/to/tcga-brca/pickles/TCGA-AR-A2LE-01Z-00-DX1.E8E1FC5C-9A4A-463F-81D7-E9A8AF43EAD9.pickle,1
/path/to/tcga-brca/pickles/TCGA-AR-A2LQ-01Z-00-DX1.2F579E62-69A8-40F4-A516-542C7C808628.pickle,1
/path/to/tcga-brca/pickles/TCGA-S3-A6ZG-01Z-00-DX1.659A0BFB-D99B-474F-B4C2-6590C9161BD1.pickle,1
/path/to/tcga-brca/pickles/TCGA-E2-A15L-01Z-00-DX1.626032DC-D396-48E7-B888-DFEBCF7102FF.pickle,1
/path/to/tcga-brca/pickles/TCGA-OK-A5Q2-01Z-00-DX2.C828A160-87DF-4625-A8C5-2057F61D54F4.pickle,1
/path/to/tcga-brca/pickles/TCGA-A2-A0T4-01Z-00-DX1.AC61ED08-2E42-4D4A-BB81-746D3FEBB653.pickle,1
/path/to/tcga-brca/pickles/TCGA-EW-A1J2-01Z-00-DX1.F1D8E593-2DF4-44C3-873D-FD3C910011E4.pickle,1
/path/to/tcga-brca/pickles/TCGA-A2-A25A-01Z-00-DX1.6D311E39-9F96-4775-B9DA-8D034D1AD1DC.pickle,1
/path/to/tcga-brca/pickles/TCGA-BH-A0HP-01Z-00-DX1.F1FF6E88-B2D1-40AA-8373-1714D82E666F.pickle,1
/path/to/tcga-brca/pickles/TCGA-AO-A0J8-01Z-00-DX1.9BDD4BDE-2A07-4E0C-B146-87365CA9DE3A.pickle,1
/path/to/tcga-brca/pickles/TCGA-JL-A3YX-01Z-00-DX1.0FE8F389-F79A-4CF8-A83C-420380A02552.pickle,1
/path/to/tcga-brca/pickles/TCGA-LL-A9Q3-01Z-00-DX1.94FA76F5-008A-401B-BFDC-817804BAE5F6.pickle,1
/path/to/tcga-brca/pickles/TCGA-E9-A2JT-01Z-00-DX1.49C2B936-3B1A-4014-8B43-26D483DEF53A.pickle,1
/path/to/tcga-brca/pickles/TCGA-E9-A5FK-01Z-00-DX1.3F002C99-B4CA-4068-A816-EAC370A2E8C4.pickle,1
/path/to/tcga-brca/pickles/TCGA-AR-A24T-01Z-00-DX1.3B325D54-38EC-4E16-BDE1-628894CC15AA.pickle,1
/path/to/tcga-brca/pickles/TCGA-AC-A3OD-01Z-00-DX1.E19B311B-BAB1-4CE8-9421-B49D5BE4537E.pickle,1
/path/to/tcga-brca/pickles/TCGA-E2-A10F-01Z-00-DX1.18F9324C-A38F-478E-95DF-B8E172D0DD07.pickle,1
/path/to/tcga-brca/pickles/TCGA-5L-AAT1-01Z-00-DX1.F3449A5B-2AC4-4ED7-BF44-4C8946CDB47D.pickle,1
/path/to/tcga-brca/pickles/TCGA-A8-A0A1-01Z-00-DX1.CA64E221-E2A8-42B5-B611-25B9FE5FB0B0.pickle,1
/path/to/tcga-brca/pickles/TCGA-D8-A3Z6-01Z-00-DX1.4076A770-5901-4325-85C3-AF7B192272F5.pickle,1
/path/to/tcga-brca/pickles/TCGA-AC-A3QQ-01Z-00-DX1.86463263-AB12-49FB-8967-D5FD1F7D221A.pickle,1
/path/to/tcga-brca/pickles/TCGA-E2-A1IL-01Z-00-DX1.46B6AA99-C7CE-4573-B15D-2C56A708B082.pickle,1
/path/to/tcga-brca/pickles/TCGA-OL-A66N-01Z-00-DX1.ABDA3014-7B3A-4D48-A415-CB9608491ECB.pickle,1
/path/to/tcga-brca/pickles/TCGA-A8-A09T-01Z-00-DX1.4183BBA4-AF11-4602-9EC2-35083C34A393.pickle,1
/path/to/tcga-brca/pickles/TCGA-D8-A1JN-01Z-00-DX1.3B02989C-CEA0-4EDD-A6DC-21C3A957C640.pickle,1
/path/to/tcga-brca/pickles/TCGA-AR-A2LM-01Z-00-DX1.CB64A062-2E35-41F9-97C7-07BB60754799.pickle,1
